{
  "implemented": true,
  "nationalPokedexNumber": 142,
  "name": "Aerodactyl",
  "primaryType": "rock",
  "secondaryType": "flying",
  "maleRatio": 0.875,
  "height": 18,
  "weight": 590,
  "pokedex": [
    "cobblemon.species.aerodactyl.desc"
  ],
  "labels": [
    "gen1",
    "fossil"
  ],
  "aspects": [],
  "abilities": [
    "rockhead",
    "pressure",
    "h:unnerve"
  ],
  "eggGroups": [
    "flying"
  ],
  "baseStats": {
    "hp": 80,
    "attack": 105,
    "defence": 65,
    "special_attack": 60,
    "special_defence": 75,
    "speed": 130
  },
  "evYield": {
    "hp": 0,
    "attack": 0,
    "defence": 0,
    "special_attack": 0,
    "special_defence": 0,
    "speed": 2
  },
  "baseExperienceYield": 180,
  "experienceGroup": "slow",
  "catchRate": 45,
  "eggCycles": 35,
  "baseFriendship": 50,
  "baseScale": 1.0,
  "hitbox": {
    "height": 1,
    "fixed": false,
    "width": 1
  },
  "riding": {
    "behaviours": {
      "AIR": {
        "key": "cobblemon:air/bird",
        "rideSounds": [
          {
            "muffleEnabled": true,
            "pitchExpr": "math.max(1.0 ,0.2 + math.pow(math.min(q.ride_velocity() / 1.5, 1.0),2))",
            "playForNonPassengers": true,
            "soundLocation": "cobblemon:ride.loop.wind",
            "volumeExpr": "math.pow(math.min(q.ride_velocity() / 1.5, 1.0),2)"
          },
          {
            "muffleEnabled": true,
            "pitchExpr": "math.max(1.0 ,0.2 + math.pow(math.min(q.ride_velocity() / 1.5, 1.0),2))",
            "playForNonPassengers": true,
            "soundLocation": "cobblemon:ride.loop.leather",
            "volumeExpr": "math.pow(math.min(q.ride_velocity() / 1.5, 1.0),2)"
          }
        ],
        "stats": {
          "ACCELERATION": "30-65",
          "JUMP": "45-75",
          "SKILL": "35-70",
          "SPEED": "150",
          "STAMINA": "999999"
        }
      },
      "LAND": {
        "key": "cobblemon:land/horse",
        "rideSounds": [],
        "stats": {
          "ACCELERATION": "55-75",
          "JUMP": "25-35",
          "SKILL": "15-45",
          "SPEED": "150",
          "STAMINA": "999999"
        }
      }
    },
    "seats": [
      {
        "offset": {
          "x": 0.0,
          "y": 0.0,
          "z": 0.0
        },
        "poseOffsets": [
          {
            "offset": {
              "x": 0.0,
              "y": -1.5070343,
              "z": -0.09068282
            },
            "poseTypes": [
              "STAND"
            ]
          },
          {
            "offset": {
              "x": 0.029872436,
              "y": -1.4607906,
              "z": -0.22310443
            },
            "poseTypes": [
              "WALK"
            ]
          },
          {
            "offset": {
              "x": -0.008484401,
              "y": -1.7563306,
              "z": 0.14831467
            },
            "poseTypes": [
              "HOVER"
            ]
          },
          {
            "offset": {
              "x": -0.015913066,
              "y": -1.3609864,
              "z": -0.5866023
            },
            "poseTypes": [
              "FLY"
            ]
          },
          {
            "offset": {
              "x": 0.0,
              "y": -1.5070343,
              "z": -0.09068282
            },
            "poseTypes": [
              "FLOAT"
            ]
          },
          {
            "offset": {
              "x": 0.029872436,
              "y": -1.4607906,
              "z": -0.22310443
            },
            "poseTypes": [
              "SWIM"
            ]
          },
          {
            "offset": {
              "x": 0.016652554,
              "y": -1.4879361,
              "z": 0.07469356
            },
            "poseTypes": [
              "GLIDE"
            ]
          }
        ]
      }
    ]
  },
  "behaviour": {
    "herd": {
      "maxSize": "4",
      "toleratedLeaders": [
        {
          "pokemon": "aerodactyl",
          "tier": 1
        }
      ]
    },
    "moving": {
      "fly": {
        "canFly": true
      },
      "walk": {
        "walkSpeed": 0.3
      },
      "swim": {
        "avoidsWater": true
      }
    },
    "resting": {
      "canSleep": true,
      "light": "0-4",
      "drowsyChance": 0.0333,
      "rouseChance": 0.0042
    },
    "combat": {
      "willDefendSelf": true,
      "willDefendOwner": true,
      "willFlee": false
    }
  },
  "drops": {
    "amount": 4,
    "entries": [
      {
        "item": "minecraft:bone",
        "quantityRange": "0-3"
      },
      {
        "item": "cobblemon:rocky_helmet",
        "percentage": 10.0
      }
    ]
  },
  "moves": [
    "1:bite",
    "1:ancientpower",
    "5:supersonic",
    "10:wingattack",
    "15:scaryface",
    "20:rockslide",
    "25:roar",
    "30:crunch",
    "35:ironhead",
    "40:takedown",
    "45:stoneedge",
    "50:agility",
    "55:hyperbeam",
    "60:gigaimpact",
    "egg:curse",
    "egg:dragonbreath",
    "egg:foresight",
    "egg:pursuit",
    "egg:roost",
    "egg:tailwind",
    "egg:whirlwind",
    "egg:wideguard",
    "tm:aerialace",
    "tm:agility",
    "tm:aircutter",
    "tm:ancientpower",
    "tm:aquatail",
    "tm:assurance",
    "tm:brutalswing",
    "tm:bulldoze",
    "tm:crunch",
    "tm:curse",
    "tm:defog",
    "tm:dragonclaw",
    "tm:dragondance",
    "tm:dragonpulse",
    "tm:dualwingbeat",
    "tm:earthpower",
    "tm:earthquake",
    "tm:endure",
    "tm:facade",
    "tm:fireblast",
    "tm:firefang",
    "tm:flamethrower",
    "tm:fly",
    "tm:gigaimpact",
    "tm:headbutt",
    "tm:heatwave",
    "tm:honeclaws",
    "tm:hurricane",
    "tm:hyperbeam",
    "tm:icefang",
    "tm:incinerate",
    "tm:ironhead",
    "tm:irontail",
    "tm:laserfocus",
    "tm:meteorbeam",
    "tm:ominouswind",
    "tm:payback",
    "tm:protect",
    "tm:psychicfangs",
    "tm:raindance",
    "tm:rest",
    "tm:roar",
    "tm:rockblast",
    "tm:rockpolish",
    "tm:rockslide",
    "tm:rocksmash",
    "tm:rocktomb",
    "tm:roost",
    "tm:sandstorm",
    "tm:scaryface",
    "tm:skyattack",
    "tm:skydrop",
    "tm:sleeptalk",
    "tm:smackdown",
    "tm:stealthrock",
    "tm:steelwing",
    "tm:stoneedge",
    "tm:strength",
    "tm:substitute",
    "tm:sunnyday",
    "tm:swift",
    "tm:tailwind",
    "tm:takedown",
    "tm:taunt",
    "tm:terablast",
    "tm:thief",
    "tm:thunderfang",
    "tm:torment",
    "tm:twister",
    "tutor:aerialace",
    "tutor:aircutter",
    "tutor:ancientpower",
    "tutor:aquatail",
    "tutor:bulldoze",
    "tutor:defog",
    "tutor:dragonpulse",
    "tutor:dualwingbeat",
    "tutor:earthpower",
    "tutor:firefang",
    "tutor:flamethrower",
    "tutor:gigaimpact",
    "tutor:heatwave",
    "tutor:hyperbeam",
    "tutor:icefang",
    "tutor:ironhead",
    "tutor:irontail",
    "tutor:laserfocus",
    "tutor:meteorbeam",
    "tutor:ominouswind",
    "tutor:rest",
    "tutor:rockslide",
    "tutor:rocksmash",
    "tutor:roost",
    "tutor:skyattack",
    "tutor:sleeptalk",
    "tutor:stealthrock",
    "tutor:stoneedge",
    "tutor:swift",
    "tutor:tailwind",
    "tutor:thunderfang",
    "tutor:twister",
    "legacy:attract",
    "legacy:bide",
    "legacy:captivate",
    "legacy:confide",
    "legacy:detect",
    "legacy:doubleedge",
    "legacy:doubleteam",
    "legacy:dragonrage",
    "legacy:frustration",
    "legacy:hiddenpower",
    "legacy:mimic",
    "legacy:naturalgift",
    "legacy:rage",
    "legacy:razorwind",
    "legacy:reflect",
    "legacy:return",
    "legacy:rockthrow",
    "legacy:round",
    "legacy:secretpower",
    "legacy:snore",
    "legacy:swagger",
    "legacy:toxic",
    "special:celebrate"
  ],
  "evolutions": [],
  "forms": [
    {
      "name": "Mega",
      "primaryType": "rock",
      "secondaryType": "flying",
      "maleRatio": 0.875,
      "height": 21,
      "weight": 790,
      "pokedex": [
        "cobblemon.species.aerodactyl-mega.desc"
      ],
      "labels": [
        "gen6",
        "mega",
        "fossil"
      ],
      "aspects": [
        "mega"
      ],
      "abilities": [
        "toughclaws",
        "h:toughclaws"
      ],
      "baseStats": {
        "hp": 80,
        "attack": 135,
        "defence": 85,
        "special_attack": 70,
        "special_defence": 95,
        "speed": 150
      },
      "baseExperienceYield": 215,
      "evolutions": [],
      "battleOnly": true,
      "dynamaxBlocked": true
    }
  ],
  "mountable": {
    "enabled": true,
    "driving": {
      "item": "cobblemon:saddle",
      "canDrift": true
    },
    "stats": {
      "stamina": 999999,
      "speed": 1.5,
      "jumpHeight": 1.0,
      "acceleration": 0.1
    }
  }
}