{
  "implemented": true,
  "nationalPokedexNumber": 144,
  "name": "Articuno",
  "primaryType": "ice",
  "secondaryType": "flying",
  "maleRatio": -1,
  "height": 17,
  "weight": 554,
  "pokedex": [
    "cobblemon.species.articuno.desc"
  ],
  "labels": [
    "gen1",
    "legendary",
    "kantonian_form"
  ],
  "aspects": [],
  "abilities": [
    "pressure",
    "h:snowcloak"
  ],
  "eggGroups": [
    "undiscovered"
  ],
  "baseStats": {
    "hp": 90,
    "attack": 85,
    "defence": 100,
    "special_attack": 95,
    "special_defence": 125,
    "speed": 85
  },
  "evYield": {
    "hp": 0,
    "attack": 0,
    "defence": 0,
    "special_attack": 0,
    "special_defence": 3,
    "speed": 0
  },
  "baseExperienceYield": 290,
  "experienceGroup": "slow",
  "catchRate": 3,
  "eggCycles": 80,
  "baseFriendship": 35,
  "features": [
    "galarian"
  ],
  "baseScale": 1,
  "hitbox": {
    "width": 1.5,
    "height": 3.25,
    "fixed": false
  },
  "riding": {
    "behaviours": {
      "AIR": {
        "key": "cobblemon:air/bird",
        "rideSounds": [
          {
            "muffleEnabled": true,
            "pitchExpr": "math.max(1.0 ,0.2 + math.pow(math.min(q.ride_velocity() / 1.5, 1.0),2))",
            "playForNonPassengers": true,
            "soundLocation": "cobblemon:ride.loop.wind",
            "volumeExpr": "math.pow(math.min(q.ride_velocity() / 1.5, 1.0),2)"
          },
          {
            "soundLocation": "cobblemon:ride.loop.plumage",
            "volumeExpr": "math.pow(math.min(q.ride_velocity() / 1.5, 1.0),2)",
            "pitchExpr": "math.max(1.0 ,0.2 + math.pow(math.min(q.ride_velocity() / 1.5, 1.0),2))",
            "playForNonPassengers": true,
            "muffleEnabled": true
          }
        ],
        "stats": {
          "SPEED": "150",
          "ACCELERATION": "70-85",
          "SKILL": "80-100",
          "JUMP": "65-90",
          "STAMINA": "999999"
        }
      },
      "LAND": {
        "key": "cobblemon:land/horse",
        "canJump": false,
        "canSprint": false,
        "stats": {
          "SPEED": "150",
          "ACCELERATION": "70-90",
          "SKILL": "30-60",
          "JUMP": "25-50",
          "STAMINA": "999999"
        }
      }
    },
    "seats": [
      {
        "offset": {
          "x": 0,
          "y": 0,
          "z": 0
        }
      }
    ]
  },
  "behaviour": {
    "moving": {
      "fly": {
        "canFly": true
      },
      "swim": {
        "avoidsWater": true
      }
    },
    "herd": {
      "maxSize": "2",
      "toleratedLeaders": [
        {
          "pokemon": "articuno galarian=false",
          "tier": 1
        }
      ]
    },
    "combat": {
      "willDefendSelf": true,
      "willDefendOwner": true,
      "willFlee": false
    },
    "resting": {
      "drowsyChance": 0.0333,
      "rouseChance": 0.0042
    }
  },
  "drops": {
    "amount": 6,
    "entries": [
      {
        "item": "minecraft:feather",
        "quantityRange": "2-4"
      },
      {
        "item": "minecraft:chicken"
      },
      {
        "item": "cobblemon:never_melt_ice"
      }
    ]
  },
  "moves": [
    "1:gust",
    "1:mist",
    "5:powdersnow",
    "10:reflect",
    "15:iceshard",
    "20:agility",
    "25:ancientpower",
    "30:tailwind",
    "35:freezedry",
    "40:roost",
    "45:icebeam",
    "50:snowscape",
    "55:hurricane",
    "60:mindreader",
    "65:blizzard",
    "70:sheercold",
    "tm:aerialace",
    "tm:agility",
    "tm:aircutter",
    "tm:airslash",
    "tm:ancientpower",
    "tm:auroraveil",
    "tm:avalanche",
    "tm:blizzard",
    "tm:bravebird",
    "tm:defog",
    "tm:doubleedge",
    "tm:dualwingbeat",
    "tm:endure",
    "tm:facade",
    "tm:featherdance",
    "tm:fly",
    "tm:frostbreath",
    "tm:gigaimpact",
    "tm:hail",
    "tm:haze",
    "tm:helpinghand",
    "tm:hurricane",
    "tm:hyperbeam",
    "tm:icebeam",
    "tm:icespinner",
    "tm:iciclespear",
    "tm:icywind",
    "tm:laserfocus",
    "tm:lightscreen",
    "tm:ominouswind",
    "tm:pluck",
    "tm:protect",
    "tm:raindance",
    "tm:reflect",
    "tm:rest",
    "tm:roar",
    "tm:rocksmash",
    "tm:roost",
    "tm:sandstorm",
    "tm:signalbeam",
    "tm:skyattack",
    "tm:skydrop",
    "tm:sleeptalk",
    "tm:snowscape",
    "tm:steelwing",
    "tm:substitute",
    "tm:sunnyday",
    "tm:swift",
    "tm:tailwind",
    "tm:takedown",
    "tm:terablast",
    "tm:tripleaxel",
    "tm:twister",
    "tm:uturn",
    "tm:waterpulse",
    "tm:weatherball",
    "tutor:aerialace",
    "tutor:aircutter",
    "tutor:ancientpower",
    "tutor:defog",
    "tutor:dualwingbeat",
    "tutor:gigaimpact",
    "tutor:healbell",
    "tutor:helpinghand",
    "tutor:hyperbeam",
    "tutor:icebeam",
    "tutor:icywind",
    "tutor:laserfocus",
    "tutor:ominouswind",
    "tutor:rest",
    "tutor:rocksmash",
    "tutor:roost",
    "tutor:signalbeam",
    "tutor:skyattack",
    "tutor:sleeptalk",
    "tutor:swift",
    "tutor:tailwind",
    "tutor:tripleaxel",
    "tutor:twister",
    "tutor:waterpulse",
    "legacy:bide",
    "legacy:bubblebeam",
    "legacy:confide",
    "legacy:curse",
    "legacy:detect",
    "legacy:doubleteam",
    "legacy:frustration",
    "legacy:headbutt",
    "legacy:hiddenpower",
    "legacy:leer",
    "legacy:mimic",
    "legacy:mirrorcoat",
    "legacy:mudslap",
    "legacy:naturalgift",
    "legacy:peck",
    "legacy:rage",
    "legacy:razorwind",
    "legacy:return",
    "legacy:round",
    "legacy:secretpower",
    "legacy:snore",
    "legacy:swagger",
    "legacy:toxic",
    "legacy:watergun",
    "legacy:whirlwind",
    "special:extrasensory",
    "special:healbell"
  ],
  "evolutions": [],
  "forms": [
    {
      "name": "Galar",
      "primaryType": "psychic",
      "secondaryType": "flying",
      "maleRatio": -1,
      "height": 17,
      "weight": 509,
      "pokedex": [
        "cobblemon.species.articuno-galar.desc"
      ],
      "labels": [
        "gen8",
        "legendary",
        "galarian_form"
      ],
      "aspects": [
        "galarian"
      ],
      "abilities": [
        "competitive",
        "h:competitive"
      ],
      "baseStats": {
        "hp": 90,
        "attack": 85,
        "defence": 85,
        "special_attack": 125,
        "special_defence": 100,
        "speed": 95
      },
      "evYield": {
        "hp": 0,
        "attack": 0,
        "defence": 0,
        "special_attack": 3,
        "special_defence": 0,
        "speed": 0
      },
      "eggCycles": 120,
      "drops": {
        "amount": 6,
        "entries": [
          {
            "item": "minecraft:feather",
            "quantityRange": "2-4"
          },
          {
            "item": "minecraft:chicken"
          },
          {
            "item": "cobblemon:twisted_spoon"
          }
        ]
      },
      "moves": [
        "1:gust",
        "1:psychoshift",
        "1:mindreader",
        "5:confusion",
        "10:reflect",
        "15:hypnosis",
        "20:agility",
        "25:ancientpower",
        "30:tailwind",
        "35:psychocut",
        "40:recover",
        "45:freezingglare",
        "50:dreameater",
        "55:hurricane",
        "60:doubleteam",
        "65:futuresight",
        "70:trickroom",
        "tm:agility",
        "tm:aircutter",
        "tm:airslash",
        "tm:allyswitch",
        "tm:ancientpower",
        "tm:bravebird",
        "tm:calmmind",
        "tm:doubleteam",
        "tm:dreameater",
        "tm:dualwingbeat",
        "tm:endure",
        "tm:expandingforce",
        "tm:facade",
        "tm:fly",
        "tm:futuresight",
        "tm:gigaimpact",
        "tm:guardswap",
        "tm:helpinghand",
        "tm:hurricane",
        "tm:hyperbeam",
        "tm:hypervoice",
        "tm:imprison",
        "tm:lightscreen",
        "tm:powerswap",
        "tm:protect",
        "tm:psybeam",
        "tm:psychic",
        "tm:psychicnoise",
        "tm:psychocut",
        "tm:psyshock",
        "tm:raindance",
        "tm:reflect",
        "tm:rest",
        "tm:scaryface",
        "tm:shadowball",
        "tm:skillswap",
        "tm:sleeptalk",
        "tm:snowscape",
        "tm:steelwing",
        "tm:storedpower",
        "tm:substitute",
        "tm:sunnyday",
        "tm:swift",
        "tm:tailwind",
        "tm:takedown",
        "tm:terablast",
        "tm:trick",
        "tm:trickroom",
        "tm:uturn",
        "tutor:aircutter",
        "tutor:allyswitch",
        "tutor:ancientpower",
        "tutor:calmmind",
        "tutor:dualwingbeat",
        "tutor:expandingforce",
        "tutor:gigaimpact",
        "tutor:helpinghand",
        "tutor:hyperbeam",
        "tutor:hypervoice",
        "tutor:psychic",
        "tutor:psychocut",
        "tutor:rest",
        "tutor:shadowball",
        "tutor:skillswap",
        "tutor:sleeptalk",
        "tutor:swift",
        "tutor:tailwind",
        "tutor:trick",
        "legacy:round",
        "legacy:snore"
      ],
      "evolutions": [],
      "battleOnly": false,
      "riding": {
        "stats": {
          "SPEED": {
            "ranges": "35-75"
          },
          "ACCELERATION": {
            "ranges": "25-50"
          },
          "SKILL": {
            "ranges": "50-80"
          },
          "JUMP": {
            "ranges": "25-60"
          },
          "STAMINA": {
            "ranges": "35-75"
          }
        },
        "seats": [],
        "behaviour": {
          "key": "cobblemon:air/bird"
        }
      },
      "behaviour": {
        "herd": {
          "maxSize": "2",
          "toleratedLeaders": [
            {
              "pokemon": "articuno galarian",
              "tier": 1
            }
          ]
        },
        "moving": {
          "swim": {
            "avoidsWater": true
          },
          "fly": {
            "canFly": true
          },
          "walk": {
            "canWalk": false
          }
        },
        "combat": {
          "willDefendSelf": true,
          "willDefendOwner": true,
          "willFlee": false
        },
        "resting": {
          "drowsyChance": 0.0333,
          "rouseChance": 0.0042
        }
      }
    }
  ],
  "mountable": {
    "enabled": true,
    "driving": {
      "item": "cobblemon:saddle",
      "canDrift": true
    },
    "stats": {
      "stamina": 999999,
      "speed": 1.5,
      "jumpHeight": 1.0,
      "acceleration": 0.1
    }
  }
}