{
  "implemented": true,
  "nationalPokedexNumber": 9,
  "name": "Blastoise",
  "primaryType": "water",
  "maleRatio": 0.875,
  "height": 16,
  "weight": 855,
  "pokedex": [
    "cobblemon.species.blastoise.desc"
  ],
  "labels": [
    "gen1"
  ],
  "aspects": [],
  "abilities": [
    "torrent",
    "h:raindish"
  ],
  "eggGroups": [
    "monster",
    "water_1"
  ],
  "baseStats": {
    "hp": 79,
    "attack": 83,
    "defence": 100,
    "special_attack": 85,
    "special_defence": 105,
    "speed": 78
  },
  "evYield": {
    "hp": 0,
    "attack": 0,
    "defence": 0,
    "special_attack": 0,
    "special_defence": 3,
    "speed": 0
  },
  "baseExperienceYield": 265,
  "experienceGroup": "medium_slow",
  "catchRate": 45,
  "eggCycles": 20,
  "baseFriendship": 50,
  "baseScale": 0.9,
  "hitbox": {
    "height": 3,
    "fixed": false,
    "width": 1.8
  },
  "riding": {
    "behaviours": {
      "AIR": {
        "key": "cobblemon:air/rocket",
        "rideSounds": [
          {
            "muffleEnabled": true,
            "pitchExpr": "math.max(1.0 ,0.2 + math.pow(math.min(q.ride_velocity() / 1.5, 1.0),2))",
            "playForNonPassengers": true,
            "soundLocation": "cobblemon:ride.loop.wind",
            "volumeExpr": "math.pow(math.min(q.ride_velocity() / 1.5, 1.0),2)"
          }
        ],
        "stats": {
          "ACCELERATION": "5-40",
          "JUMP": "10-20",
          "SKILL": "30-60",
          "SPEED": "150",
          "STAMINA": "999999"
        }
      },
      "LAND": {
        "key": "cobblemon:land/horse",
        "rideSounds": [],
        "stats": {
          "ACCELERATION": "30-50",
          "JUMP": "15-30",
          "SKILL": "10-35",
          "SPEED": "150",
          "STAMINA": "999999"
        }
      },
      "LIQUID": {
        "key": "cobblemon:liquid/submarine",
        "hitboxBreachPercentage": 0.75,
        "rideSounds": [],
        "stats": {
          "ACCELERATION": "45-65",
          "JUMP": "30-50",
          "SKILL": "50-75",
          "SPEED": "35-65",
          "STAMINA": "35-70"
        }
      }
    },
    "seats": [
      {
        "offset": {
          "x": 0.0,
          "y": 0.0,
          "z": 0.0
        },
        "poseOffsets": [
          {
            "offset": {
              "x": -0.000759989,
              "y": -2.7762213,
              "z": -0.08708589
            },
            "poseTypes": [
              "STAND"
            ]
          },
          {
            "offset": {
              "x": 0.000713408,
              "y": -2.888495,
              "z": -0.031018771
            },
            "poseTypes": [
              "WALK"
            ]
          },
          {
            "offset": {
              "x": -0.031250015,
              "y": -2.8524113,
              "z": 0.27662846
            },
            "poseTypes": [
              "HOVER"
            ]
          },
          {
            "offset": {
              "x": -0.031250015,
              "y": -2.8524113,
              "z": 0.27662846
            },
            "poseTypes": [
              "FLY"
            ]
          },
          {
            "offset": {
              "x": 0.021855652,
              "y": -1.4104469,
              "z": -0.49374536
            },
            "poseTypes": [
              "FLOAT"
            ]
          },
          {
            "offset": {
              "x": -0.030396074,
              "y": -1.1050735,
              "z": -0.6272919
            },
            "poseTypes": [
              "SWIM"
            ]
          },
          {
            "offset": {
              "x": -0.003324896,
              "y": -2.741436,
              "z": -0.37943092
            },
            "poseTypes": [
              "GLIDE"
            ]
          }
        ]
      },
      {
        "offset": {
          "x": 0.0,
          "y": 0.0,
          "z": 0.0
        },
        "poseOffsets": [
          {
            "offset": {
              "x": 0.0065662265,
              "y": -1.938705,
              "z": 0.75241566
            },
            "poseTypes": [
              "STAND"
            ]
          },
          {
            "offset": {
              "x": 0.1671896,
              "y": -2.013784,
              "z": 0.75219035
            },
            "poseTypes": [
              "WALK"
            ]
          },
          {
            "offset": {
              "x": -0.031250015,
              "y": -1.9133127,
              "z": 1.0007445
            },
            "poseTypes": [
              "HOVER"
            ]
          },
          {
            "offset": {
              "x": -0.031250015,
              "y": -1.9133127,
              "z": 1.0007445
            },
            "poseTypes": [
              "FLY"
            ]
          },
          {
            "offset": {
              "x": 0.01992935,
              "y": -1.0380715,
              "z": 0.24457838
            },
            "poseTypes": [
              "FLOAT"
            ]
          },
          {
            "offset": {
              "x": -0.062409163,
              "y": -1.0400126,
              "z": 0.044064052
            },
            "poseTypes": [
              "SWIM"
            ]
          },
          {
            "offset": {
              "x": 0.0050011426,
              "y": -2.03721,
              "z": 0.5746374
            },
            "poseTypes": [
              "GLIDE"
            ]
          }
        ]
      }
    ]
  },
  "behaviour": {
    "herd": {
      "maxSize": "5"
    },
    "moving": {
      "swim": {
        "canBreatheUnderwater": true,
        "swimSpeed": "0.2"
      },
      "walk": {
        "walkSpeed": 0.17
      }
    },
    "resting": {
      "canSleep": true,
      "light": "0-4",
      "drowsyChance": 0.0333,
      "rouseChance": 0.0042
    },
    "combat": {
      "willDefendSelf": true,
      "willDefendOwner": true,
      "willFlee": false
    }
  },
  "drops": {
    "amount": 4,
    "entries": [
      {
        "item": "minecraft:turtle_scute",
        "quantityRange": "0-3"
      },
      {
        "item": "cobblemon:mystic_water",
        "percentage": 25.0
      }
    ]
  },
  "moves": [
    "1:flashcannon",
    "1:tackle",
    "1:tailwhip",
    "1:bubble",
    "1:withdraw",
    "1:watergun",
    "1:skullbash",
    "9:rapidspin",
    "12:bite",
    "15:waterpulse",
    "20:protect",
    "25:raindance",
    "30:aquatail",
    "35:shellsmash",
    "42:irondefense",
    "49:hydropump",
    "56:wavecrash",
    "egg:aquajet",
    "egg:aquaring",
    "egg:fakeout",
    "egg:flail",
    "egg:foresight",
    "egg:lifedew",
    "egg:mirrorcoat",
    "egg:mist",
    "egg:mudsport",
    "egg:refresh",
    "egg:waterspout",
    "egg:wavecrash",
    "egg:yawn",
    "tm:aquatail",
    "tm:aurasphere",
    "tm:avalanche",
    "tm:blizzard",
    "tm:bodypress",
    "tm:bodyslam",
    "tm:brickbreak",
    "tm:brine",
    "tm:chillingwater",
    "tm:crunch",
    "tm:darkpulse",
    "tm:dig",
    "tm:dive",
    "tm:doubleedge",
    "tm:dragonpulse",
    "tm:earthquake",
    "tm:endure",
    "tm:facade",
    "tm:flashcannon",
    "tm:fling",
    "tm:flipturn",
    "tm:focusblast",
    "tm:focuspunch",
    "tm:gigaimpact",
    "tm:gyroball",
    "tm:hail",
    "tm:haze",
    "tm:headbutt",
    "tm:helpinghand",
    "tm:hydrocannon",
    "tm:hydropump",
    "tm:hyperbeam",
    "tm:icebeam",
    "tm:icepunch",
    "tm:icespinner",
    "tm:icywind",
    "tm:irondefense",
    "tm:irontail",
    "tm:liquidation",
    "tm:megakick",
    "tm:megapunch",
    "tm:muddywater",
    "tm:mudshot",
    "tm:poweruppunch",
    "tm:protect",
    "tm:raindance",
    "tm:rest",
    "tm:roar",
    "tm:rockclimb",
    "tm:rockslide",
    "tm:rocksmash",
    "tm:rocktomb",
    "tm:rollout",
    "tm:scaryface",
    "tm:signalbeam",
    "tm:sleeptalk",
    "tm:smackdown",
    "tm:strength",
    "tm:substitute",
    "tm:surf",
    "tm:takedown",
    "tm:terablast",
    "tm:terrainpulse",
    "tm:waterpledge",
    "tm:waterpulse",
    "tm:weatherball",
    "tm:whirlpool",
    "tm:workup",
    "tm:zenheadbutt",
    "tutor:aquatail",
    "tutor:block",
    "tutor:darkpulse",
    "tutor:dive",
    "tutor:flashcannon",
    "tutor:flipturn",
    "tutor:focuspunch",
    "tutor:gigaimpact",
    "tutor:helpinghand",
    "tutor:hydrocannon",
    "tutor:hyperbeam",
    "tutor:icebeam",
    "tutor:icepunch",
    "tutor:icywind",
    "tutor:irondefense",
    "tutor:irontail",
    "tutor:liquidation",
    "tutor:rest",
    "tutor:rocksmash",
    "tutor:rollout",
    "tutor:signalbeam",
    "tutor:sleeptalk",
    "tutor:terrainpulse",
    "tutor:waterpledge",
    "tutor:waterpulse",
    "tutor:zenheadbutt",
    "legacy:attract",
    "legacy:bide",
    "legacy:bubblebeam",
    "legacy:bulldoze",
    "legacy:captivate",
    "legacy:confide",
    "legacy:confusion",
    "legacy:counter",
    "legacy:curse",
    "legacy:defensecurl",
    "legacy:doubleteam",
    "legacy:dragontail",
    "legacy:dynamicpunch",
    "legacy:falseswipe",
    "legacy:fissure",
    "legacy:frustration",
    "legacy:hiddenpower",
    "legacy:mimic",
    "legacy:mudslap",
    "legacy:naturalgift",
    "legacy:outrage",
    "legacy:rage",
    "legacy:reflect",
    "legacy:return",
    "legacy:round",
    "legacy:scald",
    "legacy:secretpower",
    "legacy:seismictoss",
    "legacy:snore",
    "legacy:submission",
    "legacy:swagger",
    "legacy:toxic",
    "legacy:waterfall",
    "special:block",
    "special:celebrate",
    "special:followme",
    "special:hydrocannon"
  ],
  "preEvolution": "wartortle",
  "evolutions": [],
  "forms": [
    {
      "name": "Mega",
      "primaryType": "water",
      "maleRatio": 0.875,
      "height": 16,
      "weight": 1011,
      "pokedex": [
        "cobblemon.species.blastoise-mega.desc"
      ],
      "labels": [
        "gen6",
        "mega"
      ],
      "aspects": [
        "mega"
      ],
      "abilities": [
        "megalauncher",
        "h:megalauncher"
      ],
      "baseStats": {
        "hp": 79,
        "attack": 103,
        "defence": 120,
        "special_attack": 135,
        "special_defence": 115,
        "speed": 78
      },
      "baseExperienceYield": 315,
      "riding": {
        "behaviour": {
          "key": "cobblemon:land/horse"
        },
        "seats": [],
        "stats": {
          "ACCELERATION": {
            "ranges": {
              "LAND": "5-100",
              "LIQUID": "15-35"
            }
          },
          "JUMP": {
            "ranges": {
              "LAND": "5-10",
              "LIQUID": "10-20"
            }
          },
          "SKILL": {
            "ranges": {
              "LAND": "15-40",
              "LIQUID": "30-65"
            }
          },
          "SPEED": {
            "ranges": {
              "LAND": "10-20",
              "LIQUID": "35-70"
            }
          },
          "STAMINA": {
            "ranges": {
              "LAND": "20-50",
              "LIQUID": "45-95"
            }
          }
        }
      },
      "behaviour": {
        "herd": {
          "maxSize": "6"
        },
        "moving": {
          "swim": {
            "canBreatheUnderwater": true
          }
        },
        "combat": {
          "willDefendSelf": true,
          "willDefendOwner": true,
          "willFlee": false
        },
        "resting": {
          "drowsyChance": 0.0333,
          "rouseChance": 0.0042
        }
      },
      "evolutions": [],
      "battleOnly": true,
      "dynamaxBlocked": true
    },
    {
      "name": "Gmax",
      "primaryType": "water",
      "maleRatio": 0.875,
      "height": 250,
      "weight": 0,
      "pokedex": [
        "cobblemon.species.blastoise-gmax.desc"
      ],
      "labels": [
        "gen8",
        "gmax"
      ],
      "aspects": [
        "gmax"
      ],
      "evolutions": [],
      "battleOnly": true,
      "dynamaxBlocked": true
    }
  ],
  "mountable": {
    "enabled": true,
    "driving": {
      "item": "cobblemon:saddle",
      "canDrift": true
    },
    "stats": {
      "stamina": 999999,
      "speed": 1.5,
      "jumpHeight": 1.0,
      "acceleration": 0.1
    }
  }
}