{
  "implemented": true,
  "nationalPokedexNumber": 6,
  "name": "Charizard",
  "primaryType": "fire",
  "secondaryType": "flying",
  "maleRatio": 0.875,
  "height": 17,
  "weight": 905,
  "pokedex": [
    "cobblemon.species.charizard.desc"
  ],
  "labels": [
    "gen1"
  ],
  "aspects": [],
  "abilities": [
    "blaze",
    "h:solarpower"
  ],
  "eggGroups": [
    "monster",
    "dragon"
  ],
  "baseStats": {
    "hp": 78,
    "attack": 84,
    "defence": 78,
    "special_attack": 109,
    "special_defence": 85,
    "speed": 100
  },
  "evYield": {
    "hp": 0,
    "attack": 0,
    "defence": 0,
    "special_attack": 3,
    "special_defence": 0,
    "speed": 0
  },
  "baseExperienceYield": 267,
  "experienceGroup": "medium_slow",
  "catchRate": 45,
  "eggCycles": 20,
  "baseFriendship": 50,
  "baseScale": 1,
  "hitbox": {
    "height": 2.65,
    "fixed": false,
    "width": 1.5
  },
  "riding": {
    "behaviours": {
      "AIR": {
        "key": "cobblemon:air/bird",
        "rideSounds": [
          {
            "muffleEnabled": true,
            "pitchExpr": "math.max(1.0 ,0.2 + math.pow(math.min(q.ride_velocity() / 1.5, 1.0),2))",
            "playForNonPassengers": true,
            "soundLocation": "cobblemon:ride.loop.wind",
            "volumeExpr": "math.pow(math.min(q.ride_velocity() / 1.5, 1.0),2)"
          },
          {
            "muffleEnabled": true,
            "pitchExpr": "math.max(1.0 ,0.2 + math.pow(math.min(q.ride_velocity() / 1.5, 1.0),2))",
            "playForNonPassengers": true,
            "soundLocation": "cobblemon:ride.loop.leather",
            "volumeExpr": "math.pow(math.min(q.ride_velocity() / 1.5, 1.0),2)"
          }
        ],
        "stats": {
          "ACCELERATION": "45-75",
          "JUMP": "30-65",
          "SKILL": "55-85",
          "SPEED": "150",
          "STAMINA": "999999"
        }
      },
      "LAND": {
        "key": "cobblemon:land/horse",
        "rideSounds": [],
        "stats": {
          "ACCELERATION": "55-65",
          "JUMP": "15-25",
          "SKILL": "10-25",
          "SPEED": "150",
          "STAMINA": "999999"
        }
      }
    },
    "seats": [
      {
        "offset": {
          "x": 0.0,
          "y": 0.0,
          "z": 0.0
        },
        "poseOffsets": [
          {
            "offset": {
              "x": 0.0047415113,
              "y": -1.6152971,
              "z": 0.35461712
            },
            "poseTypes": [
              "STAND"
            ]
          },
          {
            "offset": {
              "x": -0.003806442,
              "y": -1.7203209,
              "z": 0.12983066
            },
            "poseTypes": [
              "WALK"
            ]
          },
          {
            "offset": {
              "x": 0.039005388,
              "y": -2.4511793,
              "z": 0.10381147
            },
            "poseTypes": [
              "HOVER"
            ]
          },
          {
            "offset": {
              "x": 0.056267936,
              "y": -2.0914204,
              "z": -0.45272845
            },
            "poseTypes": [
              "FLY"
            ]
          },
          {
            "offset": {
              "x": 0.0,
              "y": -0.7674751,
              "z": -0.27694723
            },
            "poseTypes": [
              "FLOAT"
            ]
          },
          {
            "offset": {
              "x": -0.003806442,
              "y": -1.7203209,
              "z": 0.12983066
            },
            "poseTypes": [
              "SWIM"
            ]
          },
          {
            "offset": {
              "x": 0.0047415113,
              "y": -1.6152971,
              "z": 0.35461712
            },
            "poseTypes": [
              "GLIDE"
            ]
          }
        ]
      }
    ]
  },
  "behaviour": {
    "combat": {
      "willDefendOwner": true,
      "willDefendSelf": true,
      "willFlee": false
    },
    "herd": {
      "maxSize": "5"
    },
    "moving": {
      "fly": {
        "canFly": true
      },
      "swim": {
        "swimSpeed": 0.1,
        "avoidsWater": true,
        "canSwimInLava": true
      },
      "walk": {
        "walkSpeed": 0.147
      }
    },
    "resting": {
      "canSleep": true,
      "light": "0-4",
      "drowsyChance": 0.0333,
      "rouseChance": 0.0042
    },
    "fireImmune": true
  },
  "drops": {
    "amount": 4,
    "entries": [
      {
        "item": "minecraft:blaze_powder",
        "quantityRange": "0-3"
      },
      {
        "item": "cobblemon:charcoal_stick",
        "percentage": 25.0
      }
    ]
  },
  "moves": [
    "1:dragonclaw",
    "1:airslash",
    "1:scratch",
    "1:growl",
    "1:ember",
    "1:smokescreen",
    "1:dragonrage",
    "1:wingattack",
    "1:heatwave",
    "1:flameburst",
    "12:dragonbreath",
    "19:firefang",
    "24:slash",
    "30:flamethrower",
    "39:scaryface",
    "46:firespin",
    "54:inferno",
    "62:flareblitz",
    "egg:ancientpower",
    "egg:bellydrum",
    "egg:bite",
    "egg:counter",
    "egg:dragonrage",
    "egg:dragonrush",
    "egg:dragontail",
    "egg:irontail",
    "egg:metalclaw",
    "egg:wingattack",
    "tm:acrobatics",
    "tm:aerialace",
    "tm:aircutter",
    "tm:airslash",
    "tm:ancientpower",
    "tm:beatup",
    "tm:blastburn",
    "tm:blazekick",
    "tm:bodyslam",
    "tm:breakingswipe",
    "tm:brickbreak",
    "tm:brutalswing",
    "tm:bulldoze",
    "tm:crunch",
    "tm:cut",
    "tm:dig",
    "tm:doubleedge",
    "tm:dragoncheer",
    "tm:dragonclaw",
    "tm:dragondance",
    "tm:dragonpulse",
    "tm:dragontail",
    "tm:earthquake",
    "tm:echoedvoice",
    "tm:endure",
    "tm:facade",
    "tm:fireblast",
    "tm:firefang",
    "tm:firepledge",
    "tm:firepunch",
    "tm:firespin",
    "tm:flamecharge",
    "tm:flamethrower",
    "tm:flareblitz",
    "tm:fling",
    "tm:fly",
    "tm:focusblast",
    "tm:focuspunch",
    "tm:furycutter",
    "tm:gigaimpact",
    "tm:headbutt",
    "tm:heatcrash",
    "tm:heatwave",
    "tm:helpinghand",
    "tm:honeclaws",
    "tm:hurricane",
    "tm:hyperbeam",
    "tm:incinerate",
    "tm:irontail",
    "tm:megakick",
    "tm:megapunch",
    "tm:metalclaw",
    "tm:mysticalfire",
    "tm:ominouswind",
    "tm:outrage",
    "tm:overheat",
    "tm:poweruppunch",
    "tm:protect",
    "tm:rest",
    "tm:roar",
    "tm:rockslide",
    "tm:rocksmash",
    "tm:rocktomb",
    "tm:roost",
    "tm:sandstorm",
    "tm:scaryface",
    "tm:scorchingsands",
    "tm:shadowclaw",
    "tm:skydrop",
    "tm:sleeptalk",
    "tm:solarbeam",
    "tm:steelwing",
    "tm:strength",
    "tm:substitute",
    "tm:sunnyday",
    "tm:swift",
    "tm:swordsdance",
    "tm:takedown",
    "tm:temperflare",
    "tm:terablast",
    "tm:thunderpunch",
    "tm:twister",
    "tm:weatherball",
    "tm:willowisp",
    "tm:workup",
    "tutor:ancientpower",
    "tutor:blastburn",
    "tutor:block",
    "tutor:bulldoze",
    "tutor:dragonpulse",
    "tutor:firefang",
    "tutor:firepledge",
    "tutor:firepunch",
    "tutor:flamethrower",
    "tutor:focuspunch",
    "tutor:furycutter",
    "tutor:gigaimpact",
    "tutor:heatwave",
    "tutor:helpinghand",
    "tutor:hyperbeam",
    "tutor:irontail",
    "tutor:mysticalfire",
    "tutor:ominouswind",
    "tutor:outrage",
    "tutor:rest",
    "tutor:rockslide",
    "tutor:rocksmash",
    "tutor:roost",
    "tutor:scorchingsands",
    "tutor:shadowclaw",
    "tutor:sleeptalk",
    "tutor:swift",
    "tutor:thunderpunch",
    "tutor:twister",
    "legacy:attract",
    "legacy:bide",
    "legacy:captivate",
    "legacy:confide",
    "legacy:curse",
    "legacy:defensecurl",
    "legacy:defog",
    "legacy:doubleteam",
    "legacy:dualwingbeat",
    "legacy:dynamicpunch",
    "legacy:falseswipe",
    "legacy:fissure",
    "legacy:frustration",
    "legacy:furyswipes",
    "legacy:hiddenpower",
    "legacy:leer",
    "legacy:mimic",
    "legacy:mudslap",
    "legacy:naturalgift",
    "legacy:rage",
    "legacy:reflect",
    "legacy:return",
    "legacy:round",
    "legacy:scaleshot",
    "legacy:secretpower",
    "legacy:seismictoss",
    "legacy:skullbash",
    "legacy:snore",
    "legacy:submission",
    "legacy:swagger",
    "legacy:tailwind",
    "legacy:toxic",
    "special:blastburn",
    "special:block",
    "special:celebrate",
    "special:holdhands",
    "special:howl",
    "special:quickattack"
  ],
  "preEvolution": "charmeleon",
  "evolutions": [],
  "forms": [
    {
      "name": "Mega-X",
      "primaryType": "fire",
      "secondaryType": "dragon",
      "maleRatio": 0.875,
      "height": 17,
      "weight": 1105,
      "pokedex": [
        "cobblemon.species.charizard-megax.desc"
      ],
      "labels": [
        "gen6",
        "mega"
      ],
      "aspects": [
        "mega_x"
      ],
      "abilities": [
        "toughclaws",
        "h:toughclaws"
      ],
      "baseStats": {
        "hp": 78,
        "attack": 130,
        "defence": 111,
        "special_attack": 130,
        "special_defence": 85,
        "speed": 100
      },
      "baseExperienceYield": 317,
      "riding": {
        "behaviour": {
          "key": "cobblemon:composite",
          "alternateBehaviour": {
            "speed": "Math.clamp(q.entity.velocity.horizontal_magnitude + 0.33, 0, 1)",
            "key": "cobblemon:air/bird",
            "gravity": "q.gravity * (0.1 + (q.passenger_count - 1) * 0.1)",
            "jumpVector": [
              0,
              "0.3*q.jump_strength/50",
              0
            ]
          },
          "defaultBehaviour": {
            "speed": "Math.clamp(q.entity.velocity.horizontal_magnitude + 0.33, 0, 1)",
            "key": "cobblemon:land/horse",
            "gravity": "q.gravity * (0.1 + (q.passenger_count - 1) * 0.1)",
            "jumpVector": [
              0,
              "0.3*q.jump_strength/50",
              "-1 * 0.5*q.jump_strength/50"
            ]
          },
          "transitionStrategy": "cobblemon:strategy/jump"
        },
        "seats": [],
        "stats": {
          "ACCELERATION": {
            "ranges": {
              "AIR": "20-50",
              "LAND": "90-100"
            }
          },
          "JUMP": {
            "ranges": {
              "AIR": "25-50",
              "LAND": "10-20"
            }
          },
          "SKILL": {
            "ranges": {
              "AIR": "50-100",
              "LAND": "15-30"
            }
          },
          "SPEED": {
            "ranges": {
              "AIR": "25-60",
              "LAND": "10-20"
            }
          },
          "STAMINA": {
            "ranges": {
              "AIR": "35-70",
              "LAND": "15-30"
            }
          }
        }
      },
      "behaviour": {
        "herd": {
          "maxSize": "6"
        },
        "moving": {
          "swim": {
            "avoidsWater": true,
            "canSwimInLava": true
          },
          "fly": {
            "canFly": true
          }
        },
        "combat": {
          "willDefendSelf": true,
          "willDefendOwner": true,
          "willFlee": false
        },
        "resting": {
          "drowsyChance": 0.0333,
          "rouseChance": 0.0042
        },
        "fireImmune": true
      },
      "evolutions": [],
      "battleOnly": true,
      "dynamaxBlocked": true,
      "lightingData": {
        "lightLevel": 14,
        "liquidGlowMode": "LAND"
      }
    },
    {
      "name": "Mega-Y",
      "primaryType": "fire",
      "secondaryType": "flying",
      "maleRatio": 0.875,
      "height": 17,
      "weight": 1005,
      "pokedex": [
        "cobblemon.species.charizard-megay.desc"
      ],
      "labels": [
        "gen6",
        "mega"
      ],
      "aspects": [
        "mega_y"
      ],
      "abilities": [
        "drought",
        "h:drought"
      ],
      "baseStats": {
        "hp": 78,
        "attack": 104,
        "defence": 78,
        "special_attack": 159,
        "special_defence": 115,
        "speed": 100
      },
      "baseExperienceYield": 317,
      "riding": {
        "behaviour": {
          "key": "cobblemon:composite",
          "alternateBehaviour": {
            "speed": "Math.clamp(q.entity.velocity.horizontal_magnitude + 0.33, 0, 1)",
            "key": "cobblemon:air/bird",
            "gravity": "q.gravity * (0.1 + (q.passenger_count - 1) * 0.1)",
            "jumpVector": [
              0,
              "0.3*q.jump_strength/50",
              0
            ]
          },
          "defaultBehaviour": {
            "speed": "Math.clamp(q.entity.velocity.horizontal_magnitude + 0.33, 0, 1)",
            "key": "cobblemon:land/horse",
            "gravity": "q.gravity * (0.1 + (q.passenger_count - 1) * 0.1)",
            "jumpVector": [
              0,
              "0.3*q.jump_strength/50",
              "-1 * 0.5*q.jump_strength/50"
            ]
          },
          "transitionStrategy": "cobblemon:strategy/jump"
        },
        "seats": [],
        "stats": {
          "ACCELERATION": {
            "ranges": {
              "AIR": "20-50",
              "LAND": "90-100"
            }
          },
          "JUMP": {
            "ranges": {
              "AIR": "25-50",
              "LAND": "10-20"
            }
          },
          "SKILL": {
            "ranges": {
              "AIR": "50-100",
              "LAND": "15-30"
            }
          },
          "SPEED": {
            "ranges": {
              "AIR": "25-60",
              "LAND": "10-20"
            }
          },
          "STAMINA": {
            "ranges": {
              "AIR": "35-70",
              "LAND": "15-30"
            }
          }
        }
      },
      "behaviour": {
        "herd": {
          "maxSize": "6"
        },
        "moving": {
          "swim": {
            "avoidsWater": true,
            "canSwimInLava": true
          },
          "fly": {
            "canFly": true
          }
        },
        "combat": {
          "willDefendSelf": true,
          "willDefendOwner": true,
          "willFlee": false
        },
        "resting": {
          "drowsyChance": 0.0333,
          "rouseChance": 0.0042
        },
        "fireImmune": true
      },
      "evolutions": [],
      "battleOnly": true,
      "dynamaxBlocked": true,
      "lightingData": {
        "lightLevel": 14,
        "liquidGlowMode": "LAND"
      }
    },
    {
      "name": "Gmax",
      "primaryType": "fire",
      "secondaryType": "flying",
      "maleRatio": 0.875,
      "height": 280,
      "weight": 0,
      "pokedex": [
        "cobblemon.species.charizard-gmax.desc"
      ],
      "labels": [
        "gen8",
        "gmax"
      ],
      "aspects": [
        "gmax"
      ],
      "evolutions": [],
      "battleOnly": true,
      "dynamaxBlocked": true
    }
  ],
  "lightingData": {
    "lightLevel": 14,
    "liquidGlowMode": "LAND"
  },
  "mountable": {
    "enabled": true,
    "driving": {
      "item": "cobblemon:saddle",
      "canDrift": true
    },
    "stats": {
      "stamina": 999999,
      "speed": 1.5,
      "jumpHeight": 1.0,
      "acceleration": 0.1
    }
  }
}