{
  "implemented": true,
  "nationalPokedexNumber": 149,
  "name": "Dragonite",
  "primaryType": "dragon",
  "secondaryType": "flying",
  "maleRatio": 0.5,
  "height": 22,
  "weight": 2100,
  "pokedex": [
    "cobblemon.species.dragonite.desc"
  ],
  "labels": [
    "gen1",
    "powerhouse"
  ],
  "aspects": [],
  "abilities": [
    "innerfocus",
    "h:multiscale"
  ],
  "eggGroups": [
    "water_1",
    "dragon"
  ],
  "baseStats": {
    "hp": 91,
    "attack": 134,
    "defence": 95,
    "special_attack": 100,
    "special_defence": 100,
    "speed": 80
  },
  "evYield": {
    "hp": 0,
    "attack": 3,
    "defence": 0,
    "special_attack": 0,
    "special_defence": 0,
    "speed": 0
  },
  "baseExperienceYield": 300,
  "experienceGroup": "slow",
  "catchRate": 45,
  "eggCycles": 40,
  "baseFriendship": 35,
  "baseScale": 0.9,
  "hitbox": {
    "height": 3.2,
    "fixed": false,
    "width": 2
  },
  "riding": {
    "behaviours": {
      "AIR": {
        "key": "cobblemon:air/jet",
        "rideSounds": [
          {
            "muffleEnabled": true,
            "pitchExpr": "math.max(1.0 ,0.2 + math.pow(math.min(q.ride_velocity() / 1.5, 1.0),2))",
            "playForNonPassengers": true,
            "soundLocation": "cobblemon:ride.loop.wind",
            "volumeExpr": "math.pow(math.min(q.ride_velocity() / 1.5, 1.0),2)"
          },
          {
            "muffleEnabled": true,
            "pitchExpr": "math.max(1.0 ,0.2 + math.pow(math.min(q.ride_velocity() / 1.5, 1.0),2))",
            "playForNonPassengers": true,
            "soundLocation": "cobblemon:ride.loop.leather",
            "volumeExpr": "math.pow(math.min(q.ride_velocity() / 1.5, 1.0),2)"
          }
        ],
        "stats": {
          "ACCELERATION": "35-50",
          "JUMP": "50-70",
          "SKILL": "50-85",
          "SPEED": "150",
          "STAMINA": "999999"
        }
      },
      "LAND": {
        "key": "cobblemon:land/horse",
        "rideSounds": [],
        "canJump": false,
        "canSprint": false,
        "stats": {
          "ACCELERATION": "10-40",
          "JUMP": "10-40",
          "SKILL": "80-100",
          "SPEED": "150",
          "STAMINA": "999999"
        }
      },
      "LIQUID": {
        "key": "cobblemon:liquid/dolphin",
        "rideSounds": [],
        "stats": {
          "ACCELERATION": "30-65",
          "JUMP": "55-85",
          "SKILL": "35-50",
          "SPEED": "30-50",
          "STAMINA": "60-90"
        }
      }
    },
    "seats": [
      {
        "offset": {
          "x": 0.0,
          "y": 0.0,
          "z": 0.0
        },
        "poseOffsets": [
          {
            "offset": {
              "x": 0.021356618,
              "y": -2.344187,
              "z": 0.5490737
            },
            "poseTypes": [
              "STAND"
            ]
          },
          {
            "offset": {
              "x": 0.0,
              "y": -2.445063,
              "z": 0.2567628
            },
            "poseTypes": [
              "WALK"
            ]
          },
          {
            "offset": {
              "x": 0.0,
              "y": -2.9378457,
              "z": -0.09655255
            },
            "poseTypes": [
              "HOVER"
            ]
          },
          {
            "offset": {
              "x": 0.077452004,
              "y": -2.4028728,
              "z": -1.6948626
            },
            "poseTypes": [
              "FLY"
            ]
          },
          {
            "offset": {
              "x": 0.0,
              "y": -2.8833656,
              "z": -0.31817627
            },
            "poseTypes": [
              "FLOAT"
            ]
          },
          {
            "offset": {
              "x": -0.07715149,
              "y": -2.3471386,
              "z": -0.7238912
            },
            "poseTypes": [
              "SWIM"
            ]
          },
          {
            "offset": {
              "x": 0.116776176,
              "y": -1.7370732,
              "z": -1.2897167
            },
            "poseTypes": [
              "GLIDE"
            ]
          }
        ]
      },
      {
        "offset": {
          "x": 0.0,
          "y": 0.0,
          "z": 0.0
        },
        "poseOffsets": [
          {
            "offset": {
              "x": 0.078929044,
              "y": -0.9601451,
              "z": 0.8168658
            },
            "poseTypes": [
              "STAND"
            ]
          },
          {
            "offset": {
              "x": 0.048191544,
              "y": -1.1023483,
              "z": 0.7935105
            },
            "poseTypes": [
              "WALK"
            ]
          },
          {
            "offset": {
              "x": 0.048025314,
              "y": -1.4450443,
              "z": 0.8697953
            },
            "poseTypes": [
              "HOVER"
            ]
          },
          {
            "offset": {
              "x": -0.0601859,
              "y": -1.9207995,
              "z": 0.5978441
            },
            "poseTypes": [
              "FLY"
            ]
          },
          {
            "offset": {
              "x": 0.047708552,
              "y": -1.5062196,
              "z": 0.89167714
            },
            "poseTypes": [
              "FLOAT"
            ]
          },
          {
            "offset": {
              "x": -0.015301697,
              "y": -1.8544941,
              "z": 1.1480577
            },
            "poseTypes": [
              "SWIM"
            ]
          },
          {
            "offset": {
              "x": 0.1470841,
              "y": -1.1569864,
              "z": -0.24647084
            },
            "poseTypes": [
              "GLIDE"
            ]
          }
        ]
      }
    ]
  },
  "behaviour": {
    "moving": {
      "fly": {
        "canFly": true
      },
      "swim": {
        "canBreatheUnderwater": true,
        "swimSpeed": "0.2"
      },
      "walk": {
        "walkSpeed": 0.2
      }
    },
    "resting": {
      "times": [
        "any"
      ],
      "drowsyChance": 0.0014,
      "rouseChance": 0.0042
    },
    "combat": {
      "willDefendSelf": true,
      "willDefendOwner": true,
      "willFlee": false
    }
  },
  "drops": {
    "amount": 6,
    "entries": [
      {
        "item": "minecraft:dragon_breath",
        "quantityRange": "0-3"
      },
      {
        "item": "cobblemon:dragon_fang",
        "percentage": 10.0
      },
      {
        "item": "cobblemon:dragon_scale",
        "percentage": 10.0
      },
      {
        "item": "cobblemon:yache_berry",
        "percentage": 10.0
      }
    ]
  },
  "moves": [
    "1:firepunch",
    "1:thunderpunch",
    "1:roost",
    "1:wrap",
    "1:leer",
    "1:thunderwave",
    "1:twister",
    "1:dragonrage",
    "1:wingattack",
    "1:hurricane",
    "1:extremespeed",
    "15:dragontail",
    "20:agility",
    "25:slam",
    "33:aquatail",
    "39:dragonrush",
    "41:outrage",
    "46:safeguard",
    "53:raindance",
    "62:dragondance",
    "80:hyperbeam",
    "egg:aquajet",
    "egg:dragonbreath",
    "egg:extremespeed",
    "egg:mist",
    "egg:supersonic",
    "egg:waterpulse",
    "tm:aerialace",
    "tm:agility",
    "tm:aircutter",
    "tm:airslash",
    "tm:aquatail",
    "tm:bind",
    "tm:blizzard",
    "tm:bodypress",
    "tm:bodyslam",
    "tm:breakingswipe",
    "tm:brickbreak",
    "tm:brutalswing",
    "tm:bulldoze",
    "tm:chillingwater",
    "tm:cut",
    "tm:defog",
    "tm:dive",
    "tm:dracometeor",
    "tm:dragoncheer",
    "tm:dragonclaw",
    "tm:dragondance",
    "tm:dragonpulse",
    "tm:dragontail",
    "tm:earthquake",
    "tm:encore",
    "tm:endure",
    "tm:facade",
    "tm:fireblast",
    "tm:firepunch",
    "tm:firespin",
    "tm:flamethrower",
    "tm:fling",
    "tm:fly",
    "tm:focusblast",
    "tm:focuspunch",
    "tm:furycutter",
    "tm:gigaimpact",
    "tm:hail",
    "tm:haze",
    "tm:headbutt",
    "tm:heatwave",
    "tm:helpinghand",
    "tm:honeclaws",
    "tm:hurricane",
    "tm:hydropump",
    "tm:hyperbeam",
    "tm:icebeam",
    "tm:icepunch",
    "tm:icespinner",
    "tm:icywind",
    "tm:incinerate",
    "tm:ironhead",
    "tm:irontail",
    "tm:lightscreen",
    "tm:lowkick",
    "tm:megakick",
    "tm:megapunch",
    "tm:metronome",
    "tm:ominouswind",
    "tm:outrage",
    "tm:poweruppunch",
    "tm:protect",
    "tm:raindance",
    "tm:rest",
    "tm:roar",
    "tm:rockslide",
    "tm:rocksmash",
    "tm:rocktomb",
    "tm:roost",
    "tm:safeguard",
    "tm:sandstorm",
    "tm:scaleshot",
    "tm:scaryface",
    "tm:shockwave",
    "tm:skydrop",
    "tm:sleeptalk",
    "tm:snowscape",
    "tm:steelwing",
    "tm:stompingtantrum",
    "tm:stoneedge",
    "tm:strength",
    "tm:substitute",
    "tm:sunnyday",
    "tm:superpower",
    "tm:surf",
    "tm:swift",
    "tm:tailwind",
    "tm:takedown",
    "tm:terablast",
    "tm:thunder",
    "tm:thunderbolt",
    "tm:thunderpunch",
    "tm:thunderwave",
    "tm:twister",
    "tm:waterfall",
    "tm:waterpulse",
    "tm:weatherball",
    "tutor:aerialace",
    "tutor:aircutter",
    "tutor:aquatail",
    "tutor:bind",
    "tutor:bulldoze",
    "tutor:defog",
    "tutor:dive",
    "tutor:dracometeor",
    "tutor:dragonpulse",
    "tutor:firepunch",
    "tutor:flamethrower",
    "tutor:focuspunch",
    "tutor:furycutter",
    "tutor:gigaimpact",
    "tutor:healbell",
    "tutor:heatwave",
    "tutor:helpinghand",
    "tutor:hyperbeam",
    "tutor:icebeam",
    "tutor:icepunch",
    "tutor:icywind",
    "tutor:ironhead",
    "tutor:irontail",
    "tutor:lowkick",
    "tutor:ominouswind",
    "tutor:outrage",
    "tutor:rest",
    "tutor:rockslide",
    "tutor:rocksmash",
    "tutor:roost",
    "tutor:scaleshot",
    "tutor:shockwave",
    "tutor:sleeptalk",
    "tutor:stompingtantrum",
    "tutor:stoneedge",
    "tutor:superpower",
    "tutor:swift",
    "tutor:tailwind",
    "tutor:thunderbolt",
    "tutor:thunderpunch",
    "tutor:twister",
    "tutor:waterpulse",
    "legacy:attract",
    "legacy:bide",
    "legacy:bubblebeam",
    "legacy:captivate",
    "legacy:confide",
    "legacy:curse",
    "legacy:detect",
    "legacy:doubleedge",
    "legacy:doubleteam",
    "legacy:dualwingbeat",
    "legacy:dynamicpunch",
    "legacy:frustration",
    "legacy:hiddenpower",
    "legacy:horndrill",
    "legacy:mimic",
    "legacy:mudslap",
    "legacy:naturalgift",
    "legacy:rage",
    "legacy:razorwind",
    "legacy:reflect",
    "legacy:return",
    "legacy:round",
    "legacy:secretpower",
    "legacy:skullbash",
    "legacy:snore",
    "legacy:swagger",
    "legacy:toxic",
    "legacy:watergun",
    "legacy:whirlpool",
    "legacy:zapcannon",
    "special:barrier",
    "special:healbell"
  ],
  "preEvolution": "dragonair",
  "evolutions": [],
  "mountable": {
    "enabled": true,
    "driving": {
      "item": "cobblemon:saddle",
      "canDrift": true
    },
    "stats": {
      "stamina": 999999,
      "speed": 1.5,
      "jumpHeight": 1.0,
      "acceleration": 0.1
    }
  }
}