{
  "implemented": true,
  "nationalPokedexNumber": 130,
  "name": "Gyarados",
  "primaryType": "water",
  "secondaryType": "flying",
  "maleRatio": 0.5,
  "height": 65,
  "weight": 2350,
  "pokedex": [
    "cobblemon.species.gyarados.desc"
  ],
  "labels": [
    "gen1"
  ],
  "aspects": [],
  "abilities": [
    "intimidate",
    "h:moxie"
  ],
  "eggGroups": [
    "water_2",
    "dragon"
  ],
  "baseStats": {
    "hp": 95,
    "attack": 125,
    "defence": 79,
    "special_attack": 60,
    "special_defence": 100,
    "speed": 81
  },
  "evYield": {
    "hp": 0,
    "attack": 2,
    "defence": 0,
    "special_attack": 0,
    "special_defence": 0,
    "speed": 0
  },
  "baseExperienceYield": 189,
  "experienceGroup": "slow",
  "catchRate": 45,
  "eggCycles": 5,
  "baseFriendship": 50,
  "baseScale": 1,
  "hitbox": {
    "height": 3.3,
    "fixed": false,
    "width": 2
  },
  "riding": {
    "behaviours": {
      "AIR": {
        "key": "cobblemon:air/jet",
        "rideSounds": [
          {
            "muffleEnabled": true,
            "pitchExpr": "math.max(1.0 ,0.2 + math.pow(math.min(q.ride_velocity() / 1.5, 1.0),2))",
            "playForNonPassengers": true,
            "soundLocation": "cobblemon:ride.loop.wind",
            "volumeExpr": "math.pow(math.min(q.ride_velocity() / 1.5, 1.0),2)"
          }
        ],
        "stats": {
          "ACCELERATION": "35-60",
          "JUMP": "20-45",
          "SKILL": "45-65",
          "SPEED": "150",
          "STAMINA": "999999"
        }
      },
      "LAND": {
        "key": "cobblemon:land/horse",
        "rideSounds": [],
        "canJump": false,
        "canSprint": false,
        "stats": {
          "ACCELERATION": "10-40",
          "JUMP": "10-40",
          "SKILL": "80-100",
          "SPEED": "150",
          "STAMINA": "999999"
        }
      },
      "LIQUID": {
        "key": "cobblemon:liquid/dolphin",
        "rideSounds": [
          {
            "muffleEnabled": true,
            "pitchExpr": "math.max(1.0 ,0.2 + math.pow(math.min(q.ride_velocity() / 1.5, 1.0),2))",
            "playForNonPassengers": true,
            "soundLocation": "cobblemon:ride.loop.water_surface",
            "volumeExpr": "math.pow(math.min(q.ride_velocity() / 1.5, 1.0),2)"
          }
        ],
        "stats": {
          "ACCELERATION": "40-60",
          "JUMP": "40-70",
          "SKILL": "35-65",
          "SPEED": "30-55",
          "STAMINA": "45-75"
        }
      }
    },
    "seats": [
      {
        "offset": {
          "x": 0.0,
          "y": 0.0,
          "z": 0.0
        },
        "poseOffsets": [
          {
            "offset": {
              "x": -0.044081237,
              "y": -3.1708837,
              "z": -0.5515496
            },
            "poseTypes": [
              "STAND"
            ]
          },
          {
            "offset": {
              "x": -0.031442184,
              "y": -3.217463,
              "z": -0.99444747
            },
            "poseTypes": [
              "WALK"
            ]
          },
          {
            "offset": {
              "x": -0.12131662,
              "y": -2.7231147,
              "z": -1.098696
            },
            "poseTypes": [
              "HOVER"
            ]
          },
          {
            "offset": {
              "x": 0.178188,
              "y": -2.1333687,
              "z": -1.0728004
            },
            "poseTypes": [
              "FLY"
            ]
          },
          {
            "offset": {
              "x": -0.040299278,
              "y": -2.2590303,
              "z": -1.3307521
            },
            "poseTypes": [
              "FLOAT"
            ]
          },
          {
            "offset": {
              "x": 0.30376646,
              "y": -1.5890558,
              "z": -1.3432088
            },
            "poseTypes": [
              "SWIM"
            ]
          },
          {
            "offset": {
              "x": -0.7275008,
              "y": -3.4011788,
              "z": -0.5909088
            },
            "poseTypes": [
              "GLIDE"
            ]
          }
        ]
      }
    ]
  },
  "behaviour": {
    "herd": {
      "maxSize": "9",
      "toleratedLeaders": [
        {
          "pokemon": "manaphy",
          "tier": 1
        }
      ]
    },
    "moving": {
      "swim": {
        "canBreatheUnderwater": true,
        "swimSpeed": 0.25
      },
      "walk": {
        "avoidsLand": true,
        "walkSpeed": 0.15
      }
    },
    "resting": {
      "canSleep": true,
      "light": "0-4",
      "times": [
        "any"
      ],
      "drowsyChance": 0.0014,
      "rouseChance": 0.0042
    },
    "combat": {
      "willDefendSelf": true,
      "willDefendOwner": true,
      "willFlee": false
    }
  },
  "drops": {
    "amount": 3,
    "entries": [
      {
        "item": "minecraft:salmon"
      },
      {
        "item": "minecraft:bone_meal",
        "percentage": 10.0
      },
      {
        "item": "cobblemon:wacan_berry",
        "percentage": 5.0
      }
    ]
  },
  "moves": [
    "1:bite",
    "1:dragonrage",
    "1:leer",
    "1:twister",
    "1:flail",
    "1:splash",
    "1:tackle",
    "4:whirlpool",
    "8:icefang",
    "12:brine",
    "16:scaryface",
    "21:waterfall",
    "24:crunch",
    "28:raindance",
    "32:aquatail",
    "36:dragondance",
    "40:hydropump",
    "44:hurricane",
    "48:thrash",
    "52:hyperbeam",
    "tm:aquatail",
    "tm:avalanche",
    "tm:blizzard",
    "tm:bodyslam",
    "tm:bounce",
    "tm:brine",
    "tm:brutalswing",
    "tm:bulldoze",
    "tm:chillingwater",
    "tm:crunch",
    "tm:darkpulse",
    "tm:dive",
    "tm:doubleedge",
    "tm:dragoncheer",
    "tm:dragondance",
    "tm:dragonpulse",
    "tm:dragontail",
    "tm:earthquake",
    "tm:endeavor",
    "tm:endure",
    "tm:facade",
    "tm:fireblast",
    "tm:flamethrower",
    "tm:gigaimpact",
    "tm:hail",
    "tm:headbutt",
    "tm:helpinghand",
    "tm:hurricane",
    "tm:hydropump",
    "tm:hyperbeam",
    "tm:icebeam",
    "tm:icefang",
    "tm:icywind",
    "tm:incinerate",
    "tm:ironhead",
    "tm:irontail",
    "tm:lashout",
    "tm:muddywater",
    "tm:outrage",
    "tm:payback",
    "tm:powerwhip",
    "tm:protect",
    "tm:raindance",
    "tm:rest",
    "tm:roar",
    "tm:rocksmash",
    "tm:sandstorm",
    "tm:scald",
    "tm:scaleshot",
    "tm:scaryface",
    "tm:sleeptalk",
    "tm:spite",
    "tm:stoneedge",
    "tm:strength",
    "tm:substitute",
    "tm:sunnyday",
    "tm:surf",
    "tm:takedown",
    "tm:taunt",
    "tm:temperflare",
    "tm:terablast",
    "tm:thunder",
    "tm:thunderbolt",
    "tm:thunderwave",
    "tm:torment",
    "tm:twister",
    "tm:waterfall",
    "tm:waterpulse",
    "tm:whirlpool",
    "tutor:aquatail",
    "tutor:bounce",
    "tutor:bulldoze",
    "tutor:darkpulse",
    "tutor:dive",
    "tutor:dragonpulse",
    "tutor:endeavor",
    "tutor:flamethrower",
    "tutor:gigaimpact",
    "tutor:helpinghand",
    "tutor:hyperbeam",
    "tutor:icebeam",
    "tutor:icefang",
    "tutor:icywind",
    "tutor:ironhead",
    "tutor:irontail",
    "tutor:lashout",
    "tutor:outrage",
    "tutor:rest",
    "tutor:rocksmash",
    "tutor:scaleshot",
    "tutor:sleeptalk",
    "tutor:spite",
    "tutor:stoneedge",
    "tutor:thunderbolt",
    "tutor:twister",
    "tutor:waterpulse",
    "legacy:attract",
    "legacy:bide",
    "legacy:bind",
    "legacy:bubblebeam",
    "legacy:captivate",
    "legacy:confide",
    "legacy:curse",
    "legacy:doubleteam",
    "legacy:dragonbreath",
    "legacy:frustration",
    "legacy:hiddenpower",
    "legacy:mimic",
    "legacy:naturalgift",
    "legacy:rage",
    "legacy:reflect",
    "legacy:return",
    "legacy:round",
    "legacy:secretpower",
    "legacy:skullbash",
    "legacy:snore",
    "legacy:swagger",
    "legacy:toxic",
    "legacy:uproar",
    "legacy:watergun",
    "legacy:zapcannon",
    "special:celebrate",
    "special:happyhour"
  ],
  "preEvolution": "magikarp",
  "evolutions": [],
  "forms": [
    {
      "name": "Mega",
      "primaryType": "water",
      "secondaryType": "dark",
      "maleRatio": 0.5,
      "height": 65,
      "weight": 3050,
      "pokedex": [
        "cobblemon.species.gyarados-mega.desc"
      ],
      "labels": [
        "gen6",
        "mega"
      ],
      "aspects": [
        "mega"
      ],
      "abilities": [
        "moldbreaker",
        "h:moldbreaker"
      ],
      "baseStats": {
        "hp": 95,
        "attack": 155,
        "defence": 109,
        "special_attack": 70,
        "special_defence": 130,
        "speed": 81
      },
      "baseExperienceYield": 224,
      "behaviour": {
        "moving": {
          "swim": {
            "canBreatheUnderwater": true,
            "canSwimInLava": false,
            "canSwimInWater": true,
            "canWalkOnWater": true,
            "swimSpeed": "0.2"
          },
          "walk": {
            "avoidsLand": true
          }
        }
      },
      "evolutions": [],
      "battleOnly": true,
      "dynamaxBlocked": true
    }
  ],
  "mountable": {
    "enabled": true,
    "driving": {
      "item": "cobblemon:saddle",
      "canDrift": true
    },
    "stats": {
      "stamina": 999999,
      "speed": 1.5,
      "jumpHeight": 1.0,
      "acceleration": 0.1
    }
  }
}