{
  "implemented": true,
  "nationalPokedexNumber": 146,
  "name": "Moltres",
  "primaryType": "fire",
  "secondaryType": "flying",
  "maleRatio": -1,
  "height": 20,
  "weight": 600,
  "pokedex": [
    "cobblemon.species.moltres.desc"
  ],
  "labels": [
    "gen1",
    "legendary",
    "kantonian_form"
  ],
  "aspects": [],
  "abilities": [
    "pressure",
    "h:flamebody"
  ],
  "eggGroups": [
    "undiscovered"
  ],
  "baseStats": {
    "hp": 90,
    "attack": 100,
    "defence": 90,
    "special_attack": 125,
    "special_defence": 85,
    "speed": 90
  },
  "evYield": {
    "hp": 0,
    "attack": 0,
    "defence": 0,
    "special_attack": 3,
    "special_defence": 0,
    "speed": 0
  },
  "baseExperienceYield": 290,
  "experienceGroup": "slow",
  "catchRate": 3,
  "eggCycles": 80,
  "baseFriendship": 35,
  "features": [
    "galarian"
  ],
  "baseScale": 1,
  "hitbox": {
    "width": 1.5,
    "height": 4,
    "fixed": false
  },
  "riding": {
    "behaviours": {
      "AIR": {
        "key": "cobblemon:air/bird",
        "rideSounds": [
          {
            "muffleEnabled": true,
            "pitchExpr": "math.max(1.0 ,0.2 + math.pow(math.min(q.ride_velocity() / 1.5, 1.0),2))",
            "playForNonPassengers": true,
            "soundLocation": "cobblemon:ride.loop.wind",
            "volumeExpr": "math.pow(math.min(q.ride_velocity() / 1.5, 1.0),2)"
          },
          {
            "soundLocation": "cobblemon:ride.loop.plumage",
            "volumeExpr": "math.pow(math.min(q.ride_velocity() / 1.5, 1.0),2)",
            "pitchExpr": "math.max(1.0 ,0.2 + math.pow(math.min(q.ride_velocity() / 1.5, 1.0),2))",
            "playForNonPassengers": true,
            "muffleEnabled": true
          }
        ],
        "stats": {
          "SPEED": "150",
          "ACCELERATION": "70-85",
          "SKILL": "65-90",
          "JUMP": "65-90",
          "STAMINA": "999999"
        }
      },
      "LAND": {
        "key": "cobblemon:land/horse",
        "canJump": false,
        "canSprint": false,
        "stats": {
          "SPEED": "150",
          "ACCELERATION": "70-90",
          "SKILL": "30-60",
          "JUMP": "25-50",
          "STAMINA": "999999"
        }
      }
    },
    "seats": [
      {
        "offset": {
          "x": 0,
          "y": 0,
          "z": 0
        }
      }
    ]
  },
  "behaviour": {
    "moving": {
      "fly": {
        "canFly": true
      },
      "swim": {
        "avoidsWater": true,
        "canSwimInLava": true
      }
    },
    "herd": {
      "maxSize": "2",
      "toleratedLeaders": [
        {
          "pokemon": "moltres galarian=false",
          "tier": 1
        }
      ]
    },
    "combat": {
      "willDefendSelf": true,
      "willDefendOwner": true,
      "willFlee": false
    },
    "resting": {
      "drowsyChance": 0.0333,
      "rouseChance": 0.0042
    },
    "fireImmune": true
  },
  "drops": {
    "amount": 6,
    "entries": [
      {
        "item": "minecraft:feather",
        "quantityRange": "2-4"
      },
      {
        "item": "minecraft:cooked_chicken"
      },
      {
        "item": "cobblemon:charcoal_stick"
      }
    ]
  },
  "moves": [
    "1:gust",
    "1:leer",
    "5:ember",
    "10:safeguard",
    "15:wingattack",
    "20:agility",
    "25:ancientpower",
    "30:incinerate",
    "35:airslash",
    "40:roost",
    "45:heatwave",
    "50:sunnyday",
    "55:hurricane",
    "60:endure",
    "65:burnup",
    "70:skyattack",
    "tm:acrobatics",
    "tm:aerialace",
    "tm:agility",
    "tm:aircutter",
    "tm:airslash",
    "tm:ancientpower",
    "tm:bravebird",
    "tm:burningjealousy",
    "tm:defog",
    "tm:doubleedge",
    "tm:dualwingbeat",
    "tm:endure",
    "tm:facade",
    "tm:fireblast",
    "tm:firespin",
    "tm:flamecharge",
    "tm:flamethrower",
    "tm:flareblitz",
    "tm:fly",
    "tm:gigaimpact",
    "tm:heatwave",
    "tm:helpinghand",
    "tm:hurricane",
    "tm:hyperbeam",
    "tm:incinerate",
    "tm:laserfocus",
    "tm:mysticalfire",
    "tm:ominouswind",
    "tm:overheat",
    "tm:pluck",
    "tm:protect",
    "tm:raindance",
    "tm:rest",
    "tm:roar",
    "tm:rocksmash",
    "tm:roost",
    "tm:safeguard",
    "tm:sandstorm",
    "tm:scorchingsands",
    "tm:skyattack",
    "tm:skydrop",
    "tm:sleeptalk",
    "tm:solarbeam",
    "tm:steelwing",
    "tm:substitute",
    "tm:sunnyday",
    "tm:swift",
    "tm:tailwind",
    "tm:takedown",
    "tm:temperflare",
    "tm:terablast",
    "tm:twister",
    "tm:uturn",
    "tm:weatherball",
    "tm:willowisp",
    "tutor:aerialace",
    "tutor:aircutter",
    "tutor:ancientpower",
    "tutor:burningjealousy",
    "tutor:defog",
    "tutor:dualwingbeat",
    "tutor:flamethrower",
    "tutor:gigaimpact",
    "tutor:heatwave",
    "tutor:helpinghand",
    "tutor:hyperbeam",
    "tutor:laserfocus",
    "tutor:mysticalfire",
    "tutor:ominouswind",
    "tutor:rest",
    "tutor:rocksmash",
    "tutor:roost",
    "tutor:scorchingsands",
    "tutor:skyattack",
    "tutor:sleeptalk",
    "tutor:swift",
    "tutor:tailwind",
    "tutor:twister",
    "legacy:bide",
    "legacy:confide",
    "legacy:curse",
    "legacy:detect",
    "legacy:doubleteam",
    "legacy:frustration",
    "legacy:headbutt",
    "legacy:hiddenpower",
    "legacy:mimic",
    "legacy:mudslap",
    "legacy:naturalgift",
    "legacy:peck",
    "legacy:rage",
    "legacy:razorwind",
    "legacy:reflect",
    "legacy:return",
    "legacy:round",
    "legacy:secretpower",
    "legacy:snore",
    "legacy:swagger",
    "legacy:toxic",
    "legacy:whirlwind",
    "special:extrasensory",
    "special:morningsun"
  ],
  "evolutions": [],
  "forms": [
    {
      "name": "Galar",
      "primaryType": "dark",
      "secondaryType": "flying",
      "maleRatio": -1,
      "height": 20,
      "weight": 660,
      "pokedex": [
        "cobblemon.species.moltres-galar.desc"
      ],
      "labels": [
        "gen8",
        "legendary",
        "galarian_form"
      ],
      "aspects": [
        "galarian"
      ],
      "abilities": [
        "berserk",
        "h:berserk"
      ],
      "baseStats": {
        "hp": 90,
        "attack": 85,
        "defence": 90,
        "special_attack": 100,
        "special_defence": 125,
        "speed": 90
      },
      "evYield": {
        "hp": 0,
        "attack": 0,
        "defence": 0,
        "special_attack": 0,
        "special_defence": 3,
        "speed": 0
      },
      "eggCycles": 120,
      "drops": {
        "amount": 6,
        "entries": [
          {
            "item": "minecraft:feather",
            "quantityRange": "2-4"
          },
          {
            "item": "minecraft:chicken"
          },
          {
            "item": "cobblemon:sharp_beak"
          }
        ]
      },
      "moves": [
        "1:gust",
        "1:leer",
        "5:payback",
        "10:safeguard",
        "15:wingattack",
        "20:agility",
        "25:ancientpower",
        "30:suckerpunch",
        "35:airslash",
        "40:afteryou",
        "45:fierywrath",
        "50:nastyplot",
        "55:hurricane",
        "60:endure",
        "65:memento",
        "70:skyattack",
        "tm:acrobatics",
        "tm:aerialace",
        "tm:afteryou",
        "tm:agility",
        "tm:airslash",
        "tm:ancientpower",
        "tm:assurance",
        "tm:bravebird",
        "tm:darkpulse",
        "tm:dualwingbeat",
        "tm:endure",
        "tm:facade",
        "tm:fly",
        "tm:foulplay",
        "tm:gigaimpact",
        "tm:helpinghand",
        "tm:hex",
        "tm:hurricane",
        "tm:hyperbeam",
        "tm:hypervoice",
        "tm:imprison",
        "tm:lashout",
        "tm:nastyplot",
        "tm:painsplit",
        "tm:payback",
        "tm:protect",
        "tm:raindance",
        "tm:rest",
        "tm:safeguard",
        "tm:sandstorm",
        "tm:scaryface",
        "tm:shadowball",
        "tm:skyattack",
        "tm:sleeptalk",
        "tm:snarl",
        "tm:spite",
        "tm:steelwing",
        "tm:substitute",
        "tm:suckerpunch",
        "tm:sunnyday",
        "tm:swift",
        "tm:tailwind",
        "tm:takedown",
        "tm:taunt",
        "tm:terablast",
        "tm:thief",
        "tm:uturn",
        "tutor:aerialace",
        "tutor:afteryou",
        "tutor:ancientpower",
        "tutor:darkpulse",
        "tutor:dualwingbeat",
        "tutor:foulplay",
        "tutor:gigaimpact",
        "tutor:helpinghand",
        "tutor:hyperbeam",
        "tutor:hypervoice",
        "tutor:lashout",
        "tutor:painsplit",
        "tutor:rest",
        "tutor:shadowball",
        "tutor:skyattack",
        "tutor:sleeptalk",
        "tutor:snarl",
        "tutor:spite",
        "tutor:suckerpunch",
        "tutor:swift",
        "tutor:tailwind",
        "legacy:round",
        "legacy:snore"
      ],
      "evolutions": [],
      "battleOnly": false,
      "behaviour": {
        "herd": {
          "maxSize": "2",
          "toleratedLeaders": [
            {
              "pokemon": "moltres galarian",
              "tier": 1
            }
          ]
        },
        "moving": {
          "swim": {
            "avoidsWater": true,
            "canSwimInLava": true
          },
          "fly": {
            "canFly": true
          }
        },
        "combat": {
          "willDefendSelf": true,
          "willDefendOwner": true,
          "willFlee": false
        },
        "resting": {
          "drowsyChance": 0.0333,
          "rouseChance": 0.0042
        },
        "fireImmune": true
      },
      "lightingData": {
        "lightLevel": 12,
        "liquidGlowMode": "LAND"
      }
    }
  ],
  "lightingData": {
    "lightLevel": 15,
    "liquidGlowMode": "LAND"
  },
  "mountable": {
    "enabled": true,
    "driving": {
      "item": "cobblemon:saddle",
      "canDrift": true
    },
    "stats": {
      "stamina": 999999,
      "speed": 1.5,
      "jumpHeight": 1.0,
      "acceleration": 0.1
    }
  }
}