{
  "implemented": true,
  "nationalPokedexNumber": 823,
  "name": "Corviknight",
  "primaryType": "flying",
  "secondaryType": "steel",
  "maleRatio": 0.5,
  "height": 22,
  "weight": 750,
  "pokedex": [
    "cobblemon.species.corviknight.desc"
  ],
  "labels": [
    "gen8"
  ],
  "aspects": [],
  "abilities": [
    "pressure",
    "unnerve",
    "h:mirrorarmor"
  ],
  "eggGroups": [
    "flying"
  ],
  "baseStats": {
    "hp": 98,
    "attack": 87,
    "defence": 105,
    "special_attack": 53,
    "special_defence": 85,
    "speed": 67
  },
  "evYield": {
    "hp": 0,
    "attack": 0,
    "defence": 3,
    "special_attack": 0,
    "special_defence": 0,
    "speed": 0
  },
  "baseExperienceYield": 248,
  "experienceGroup": "medium_slow",
  "catchRate": 45,
  "eggCycles": 15,
  "baseFriendship": 50,
  "baseScale": 1.1,
  "hitbox": {
    "height": 4.4,
    "fixed": false,
    "width": 2
  },
  "riding": {
    "behaviours": {
      "AIR": {
        "key": "cobblemon:air/bird",
        "rideSounds": [
          {
            "muffleEnabled": true,
            "pitchExpr": "math.max(1.0 ,0.2 + math.pow(math.min(q.ride_velocity() / 1.5, 1.0),2))",
            "playForNonPassengers": true,
            "soundLocation": "cobblemon:ride.loop.wind",
            "volumeExpr": "math.pow(math.min(q.ride_velocity() / 1.5, 1.0),2)"
          },
          {
            "muffleEnabled": true,
            "pitchExpr": "math.max(1.0 ,0.2 + math.pow(math.min(q.ride_velocity() / 1.5, 1.0),2))",
            "playForNonPassengers": true,
            "soundLocation": "cobblemon:ride.loop.plumage",
            "volumeExpr": "math.pow(math.min(q.ride_velocity() / 1.5, 1.0),2)"
          }
        ],
        "stats": {
          "ACCELERATION": "35-55",
          "JUMP": "80-100",
          "SKILL": "20-35",
          "SPEED": "150",
          "STAMINA": "999999"
        }
      },
      "LAND": {
        "key": "cobblemon:land/horse",
        "rideSounds": [],
        "stats": {
          "ACCELERATION": "60-80",
          "JUMP": "30-45",
          "SKILL": "30-50",
          "SPEED": "150",
          "STAMINA": "999999"
        }
      }
    },
    "seats": [
      {
        "offset": {
          "x": 0.0,
          "y": 0.0,
          "z": 0.0
        },
        "poseOffsets": [
          {
            "offset": {
              "x": 3.7252903e-09,
              "y": -3.2956975,
              "z": 0.12137693
            },
            "poseTypes": [
              "STAND"
            ]
          },
          {
            "offset": {
              "x": -0.029628474,
              "y": -3.505073,
              "z": -0.16433369
            },
            "poseTypes": [
              "WALK"
            ]
          },
          {
            "offset": {
              "x": 0.0,
              "y": -3.026501,
              "z": 0.02329135
            },
            "poseTypes": [
              "HOVER"
            ]
          },
          {
            "offset": {
              "x": 0.0,
              "y": -3.1509643,
              "z": -0.77240765
            },
            "poseTypes": [
              "FLY"
            ]
          },
          {
            "offset": {
              "x": 0.0,
              "y": -3.026501,
              "z": 0.02329135
            },
            "poseTypes": [
              "FLOAT"
            ]
          },
          {
            "offset": {
              "x": 0.0,
              "y": -3.1509643,
              "z": -0.77240765
            },
            "poseTypes": [
              "SWIM"
            ]
          },
          {
            "offset": {
              "x": 3.7252903e-09,
              "y": -3.2956975,
              "z": 0.12137693
            },
            "poseTypes": [
              "GLIDE"
            ]
          }
        ]
      },
      {
        "offset": {
          "x": 0.0,
          "y": 0.0,
          "z": 0.0
        },
        "poseOffsets": [
          {
            "offset": {
              "x": 3.7252903e-09,
              "y": -2.5119905,
              "z": 0.53009856
            },
            "poseTypes": [
              "STAND"
            ]
          },
          {
            "offset": {
              "x": 0.08413556,
              "y": -2.8625107,
              "z": 0.43183827
            },
            "poseTypes": [
              "WALK"
            ]
          },
          {
            "offset": {
              "x": 0.0,
              "y": -2.218462,
              "z": 0.61262774
            },
            "poseTypes": [
              "HOVER"
            ]
          },
          {
            "offset": {
              "x": 0.0,
              "y": -3.0305538,
              "z": -0.15911621
            },
            "poseTypes": [
              "FLY"
            ]
          },
          {
            "offset": {
              "x": 0.0,
              "y": -2.218462,
              "z": 0.61262774
            },
            "poseTypes": [
              "FLOAT"
            ]
          },
          {
            "offset": {
              "x": 0.0,
              "y": -3.0305538,
              "z": -0.15911621
            },
            "poseTypes": [
              "SWIM"
            ]
          },
          {
            "offset": {
              "x": 3.7252903e-09,
              "y": -2.5119905,
              "z": 0.53009856
            },
            "poseTypes": [
              "GLIDE"
            ]
          }
        ]
      }
    ]
  },
  "behaviour": {
    "herd": {
      "maxSize": "9",
      "toleratedLeaders": [
        {
          "pokemon": "corviknight",
          "tier": 1
        }
      ]
    },
    "moving": {
      "fly": {
        "canFly": true
      },
      "walk": {
        "walkSpeed": 0.18
      },
      "swim": {
        "avoidsWater": true
      }
    },
    "resting": {
      "canSleep": true,
      "light": "0-4",
      "drowsyChance": 0.0333,
      "rouseChance": 0.0042
    },
    "combat": {
      "willDefendSelf": true,
      "willDefendOwner": true,
      "willFlee": false
    }
  },
  "drops": {
    "amount": 6,
    "entries": [
      {
        "item": "minecraft:feather",
        "quantityRange": "0-3"
      },
      {
        "item": "minecraft:chicken"
      },
      {
        "item": "cobblemon:metal_coat",
        "percentage": 10.0
      },
      {
        "item": "cobblemon:wacan_berry",
        "percentage": 10.0
      }
    ]
  },
  "moves": [
    "1:steelwing",
    "1:irondefense",
    "1:metalsound",
    "1:peck",
    "1:leer",
    "1:powertrip",
    "1:honeclaws",
    "1:screech",
    "12:furyattack",
    "16:pluck",
    "22:taunt",
    "28:scaryface",
    "34:drillpeck",
    "42:swagger",
    "50:bravebird",
    "egg:defog",
    "egg:rocksmash",
    "egg:roost",
    "egg:sandattack",
    "egg:skyattack",
    "egg:spite",
    "egg:tailwind",
    "tm:aerialace",
    "tm:agility",
    "tm:aircutter",
    "tm:airslash",
    "tm:assurance",
    "tm:bodypress",
    "tm:bodyslam",
    "tm:bravebird",
    "tm:bulkup",
    "tm:curse",
    "tm:defog",
    "tm:doubleedge",
    "tm:dualwingbeat",
    "tm:endure",
    "tm:facade",
    "tm:faketears",
    "tm:flashcannon",
    "tm:fly",
    "tm:focusenergy",
    "tm:gigaimpact",
    "tm:heavyslam",
    "tm:honeclaws",
    "tm:hurricane",
    "tm:hyperbeam",
    "tm:irondefense",
    "tm:ironhead",
    "tm:lightscreen",
    "tm:metalclaw",
    "tm:metalsound",
    "tm:nastyplot",
    "tm:payback",
    "tm:pluck",
    "tm:protect",
    "tm:raindance",
    "tm:reflect",
    "tm:rest",
    "tm:retaliate",
    "tm:revenge",
    "tm:reversal",
    "tm:rocksmash",
    "tm:roost",
    "tm:scaryface",
    "tm:screech",
    "tm:skyattack",
    "tm:sleeptalk",
    "tm:spite",
    "tm:steelbeam",
    "tm:steelwing",
    "tm:substitute",
    "tm:sunnyday",
    "tm:swagger",
    "tm:swift",
    "tm:tailwind",
    "tm:takedown",
    "tm:taunt",
    "tm:terablast",
    "tm:thief",
    "tm:uturn",
    "tm:workup",
    "tutor:aerialace",
    "tutor:aircutter",
    "tutor:bulkup",
    "tutor:defog",
    "tutor:dualwingbeat",
    "tutor:flashcannon",
    "tutor:focusenergy",
    "tutor:gigaimpact",
    "tutor:hyperbeam",
    "tutor:irondefense",
    "tutor:ironhead",
    "tutor:rest",
    "tutor:rocksmash",
    "tutor:roost",
    "tutor:skyattack",
    "tutor:sleeptalk",
    "tutor:spite",
    "tutor:steelbeam",
    "tutor:swift",
    "tutor:tailwind",
    "legacy:attract",
    "legacy:round",
    "legacy:snore"
  ],
  "preEvolution": "corvisquire",
  "evolutions": [],
  "forms": [
    {
      "name": "Gmax",
      "primaryType": "flying",
      "secondaryType": "steel",
      "maleRatio": 0.5,
      "height": 140,
      "weight": 0,
      "pokedex": [
        "cobblemon.species.corviknight-gmax.desc"
      ],
      "labels": [
        "gen8",
        "gmax"
      ],
      "aspects": [
        "gmax"
      ],
      "evolutions": [],
      "battleOnly": true,
      "dynamaxBlocked": true
    }
  ],
  "mountable": {
    "enabled": true,
    "driving": {
      "item": "cobblemon:saddle",
      "canDrift": true
    },
    "stats": {
      "stamina": 999999,
      "speed": 1.5,
      "jumpHeight": 1.0,
      "acceleration": 0.1
    }
  }
}