{
  "implemented": true,
  "nationalPokedexNumber": 887,
  "name": "Dragapult",
  "primaryType": "dragon",
  "secondaryType": "ghost",
  "maleRatio": 0.5,
  "height": 30,
  "weight": 500,
  "pokedex": [
    "cobblemon.species.dragapult.desc"
  ],
  "labels": [
    "gen8",
    "powerhouse"
  ],
  "aspects": [],
  "abilities": [
    "clearbody",
    "infiltrator",
    "h:cursedbody"
  ],
  "eggGroups": [
    "amorphous",
    "dragon"
  ],
  "baseStats": {
    "hp": 88,
    "attack": 120,
    "defence": 75,
    "special_attack": 100,
    "special_defence": 75,
    "speed": 142
  },
  "evYield": {
    "hp": 0,
    "attack": 0,
    "defence": 0,
    "special_attack": 0,
    "special_defence": 0,
    "speed": 3
  },
  "baseExperienceYield": 300,
  "experienceGroup": "slow",
  "catchRate": 45,
  "eggCycles": 40,
  "baseFriendship": 50,
  "baseScale": 0.8,
  "hitbox": {
    "height": 3,
    "fixed": false,
    "width": 1.2
  },
  "riding": {
    "behaviours": {
      "AIR": {
        "speed": "Math.clamp(q.entity.velocity.horizontal_magnitude + 0.33, 0, 1)",
        "key": "cobblemon:air/jet",
        "rideSounds": [
          {
            "muffleEnabled": true,
            "pitchExpr": "math.max(1.0 ,0.2 + math.pow(math.min(q.ride_velocity() / 1.5, 1.0),2))",
            "playForNonPassengers": true,
            "soundLocation": "cobblemon:ride.loop.wind",
            "volumeExpr": "math.pow(math.min(q.ride_velocity() / 1.5, 1.0),2)"
          }
        ],
        "gravity": "q.gravity * (0.1 + (q.passenger_count - 1) * 0.1)",
        "jumpVector": [
          0,
          "0.3*q.jump_strength/50",
          0
        ],
        "stats": {
          "ACCELERATION": "60-85",
          "JUMP": "45-80",
          "SKILL": "55-70",
          "SPEED": "150",
          "STAMINA": "999999"
        }
      },
      "LAND": {
        "key": "cobblemon:land/horse",
        "rideSounds": [],
        "canJump": false,
        "canSprint": false,
        "stats": {
          "ACCELERATION": "10-40",
          "JUMP": "10-40",
          "SKILL": "80-100",
          "SPEED": "150",
          "STAMINA": "999999"
        }
      },
      "LIQUID": {
        "key": "cobblemon:liquid/dolphin",
        "rideSounds": [],
        "stats": {
          "ACCELERATION": "60-85",
          "JUMP": "40-55",
          "SKILL": "55-70",
          "SPEED": "50-65",
          "STAMINA": "25-35"
        }
      }
    },
    "seats": [
      {
        "offset": {
          "x": 0.0,
          "y": 0.0,
          "z": 0.0
        },
        "poseOffsets": [
          {
            "offset": {
              "x": 0.0,
              "y": -1.79316,
              "z": 0.7641932
            },
            "poseTypes": [
              "STAND"
            ]
          },
          {
            "offset": {
              "x": 0.0,
              "y": -2.0687745,
              "z": 0.5822059
            },
            "poseTypes": [
              "WALK"
            ]
          },
          {
            "offset": {
              "x": 0.0,
              "y": -1.79316,
              "z": 0.7641932
            },
            "poseTypes": [
              "HOVER"
            ]
          },
          {
            "offset": {
              "x": -0.07185971,
              "y": -0.93452233,
              "z": -0.2551939
            },
            "poseTypes": [
              "FLY"
            ]
          },
          {
            "offset": {
              "x": 0.0,
              "y": -2.0687745,
              "z": 0.5822059
            },
            "poseTypes": [
              "FLOAT"
            ]
          },
          {
            "offset": {
              "x": 0.35303587,
              "y": -1.1183715,
              "z": -0.25105122
            },
            "poseTypes": [
              "SWIM"
            ]
          },
          {
            "offset": {
              "x": -0.016359132,
              "y": -2.2029357,
              "z": 0.8644739
            },
            "poseTypes": [
              "GLIDE"
            ]
          }
        ]
      }
    ]
  },
  "behaviour": {
    "herd": {
      "maxSize": "7",
      "toleratedLeaders": [
        {
          "pokemon": "dragapult",
          "tier": 1
        }
      ]
    },
    "moving": {
      "fly": {
        "canFly": true
      },
      "swim": {
        "canBreatheUnderwater": true,
        "swimSpeed": 0.3
      }
    },
    "resting": {
      "canSleep": true,
      "light": "0-4",
      "times": [
        "167-11833,13702-22299"
      ],
      "drowsyChance": 0.0021,
      "rouseChance": 0.0042
    },
    "combat": {
      "willDefendSelf": true,
      "willDefendOwner": true,
      "willFlee": false
    }
  },
  "drops": {
    "amount": 2,
    "entries": [
      {
        "item": "minecraft:phantom_membrane",
        "percentage": 10.0
      },
      {
        "item": "cobblemon:haban_berry",
        "percentage": 10.0
      }
    ]
  },
  "moves": [
    "1:dragondarts",
    "1:dragonbreath",
    "1:astonish",
    "1:infestation",
    "1:quickattack",
    "1:bite",
    "6:lockon",
    "12:assurance",
    "18:hex",
    "24:agility",
    "30:doublehit",
    "36:uturn",
    "42:dragondance",
    "48:phantomforce",
    "54:takedown",
    "63:dragonrush",
    "70:doubleedge",
    "78:lastresort",
    "egg:confuseray",
    "egg:curse",
    "egg:disable",
    "egg:doubleteam",
    "egg:dragontail",
    "egg:grudge",
    "egg:suckerpunch",
    "tm:acrobatics",
    "tm:agility",
    "tm:allyswitch",
    "tm:assurance",
    "tm:batonpass",
    "tm:beatup",
    "tm:bodyslam",
    "tm:breakingswipe",
    "tm:brine",
    "tm:confuseray",
    "tm:curse",
    "tm:dive",
    "tm:doubleedge",
    "tm:doubleteam",
    "tm:dracometeor",
    "tm:dragoncheer",
    "tm:dragonclaw",
    "tm:dragondance",
    "tm:dragonpulse",
    "tm:dragontail",
    "tm:endure",
    "tm:facade",
    "tm:fireblast",
    "tm:flamethrower",
    "tm:fly",
    "tm:gigaimpact",
    "tm:helpinghand",
    "tm:hex",
    "tm:hydropump",
    "tm:hyperbeam",
    "tm:infestation",
    "tm:lastresort",
    "tm:lightscreen",
    "tm:nightshade",
    "tm:outrage",
    "tm:phantomforce",
    "tm:pounce",
    "tm:protect",
    "tm:psychicfangs",
    "tm:reflect",
    "tm:rest",
    "tm:shadowball",
    "tm:sleeptalk",
    "tm:solarbeam",
    "tm:steelwing",
    "tm:substitute",
    "tm:suckerpunch",
    "tm:sunnyday",
    "tm:surf",
    "tm:swift",
    "tm:takedown",
    "tm:terablast",
    "tm:thief",
    "tm:thunder",
    "tm:thunderbolt",
    "tm:thunderwave",
    "tm:triattack",
    "tm:uturn",
    "tm:willowisp",
    "tutor:allyswitch",
    "tutor:dive",
    "tutor:dracometeor",
    "tutor:dragonpulse",
    "tutor:flamethrower",
    "tutor:gigaimpact",
    "tutor:helpinghand",
    "tutor:hyperbeam",
    "tutor:lastresort",
    "tutor:outrage",
    "tutor:rest",
    "tutor:shadowball",
    "tutor:sleeptalk",
    "tutor:suckerpunch",
    "tutor:swift",
    "tutor:thunderbolt",
    "legacy:attract",
    "legacy:round",
    "legacy:scald",
    "legacy:snore"
  ],
  "preEvolution": "drakloak",
  "evolutions": [],
  "mountable": {
    "enabled": true,
    "driving": {
      "item": "cobblemon:saddle",
      "canDrift": true
    },
    "stats": {
      "stamina": 999999,
      "speed": 1.5,
      "jumpHeight": 1.0,
      "acceleration": 0.1
    }
  }
}