{
  "implemented": true,
  "nationalPokedexNumber": 205,
  "name": "Forretress",
  "primaryType": "bug",
  "secondaryType": "steel",
  "maleRatio": 0.5,
  "height": 12,
  "weight": 1258,
  "pokedex": [
    "cobblemon.species.forretress.desc"
  ],
  "labels": [
    "gen2"
  ],
  "aspects": [],
  "abilities": [
    "sturdy",
    "h:overcoat"
  ],
  "eggGroups": [
    "bug"
  ],
  "baseStats": {
    "hp": 75,
    "attack": 90,
    "defence": 140,
    "special_attack": 60,
    "special_defence": 60,
    "speed": 40
  },
  "evYield": {
    "hp": 0,
    "attack": 0,
    "defence": 2,
    "special_attack": 0,
    "special_defence": 0,
    "speed": 0
  },
  "baseExperienceYield": 163,
  "experienceGroup": "medium_fast",
  "catchRate": 75,
  "eggCycles": 20,
  "baseFriendship": 50,
  "baseScale": 0.7,
  "hitbox": {
    "height": 1.7,
    "fixed": false,
    "width": 1.25
  },
  "riding": {
    "behaviours": {
      "AIR": {
        "key": "cobblemon:air/hover",
        "rideSounds": [
          {
            "muffleEnabled": true,
            "pitchExpr": "math.max(1.0 ,0.2 + math.pow(math.min(q.ride_velocity() / 1.5, 1.0),2))",
            "playForNonPassengers": true,
            "soundLocation": "cobblemon:ride.loop.wind",
            "volumeExpr": "math.pow(math.min(q.ride_velocity() / 1.5, 1.0),2)"
          }
        ],
        "stats": {
          "ACCELERATION": "20-40",
          "JUMP": "5-10",
          "SKILL": "25-45",
          "SPEED": "150",
          "STAMINA": "999999"
        }
      }
    },
    "seats": [
      {
        "offset": {
          "x": 0.0,
          "y": 0.0,
          "z": 0.0
        },
        "poseOffsets": [
          {
            "offset": {
              "x": 0.0,
              "y": -1.678125,
              "z": 0.25
            },
            "poseTypes": [
              "STAND"
            ]
          },
          {
            "offset": {
              "x": 0.0,
              "y": -1.6908695,
              "z": 0.16294661
            },
            "poseTypes": [
              "WALK"
            ]
          },
          {
            "offset": {
              "x": 0.0,
              "y": -1.678125,
              "z": 0.25
            },
            "poseTypes": [
              "HOVER"
            ]
          },
          {
            "offset": {
              "x": 0.0,
              "y": -1.6908695,
              "z": 0.16294661
            },
            "poseTypes": [
              "FLY"
            ]
          },
          {
            "offset": {
              "x": 0.0,
              "y": -1.678125,
              "z": 0.25
            },
            "poseTypes": [
              "FLOAT"
            ]
          },
          {
            "offset": {
              "x": 0.0,
              "y": -1.6908695,
              "z": 0.16294661
            },
            "poseTypes": [
              "SWIM"
            ]
          },
          {
            "offset": {
              "x": 0.0,
              "y": -1.678125,
              "z": 0.25
            },
            "poseTypes": [
              "GLIDE"
            ]
          }
        ]
      }
    ]
  },
  "behaviour": {
    "moving": {
      "fly": {
        "canFly": true
      },
      "swim": {
        "avoidsWater": true
      },
      "walk": {
        "canWalk": false
      }
    },
    "resting": {
      "canSleep": true,
      "light": "0-4",
      "times": [
        "any"
      ],
      "drowsyChance": 0.0014,
      "rouseChance": 0.0042
    },
    "combat": {
      "willDefendSelf": true,
      "willDefendOwner": true,
      "willFlee": false
    }
  },
  "drops": {
    "amount": 4,
    "entries": [
      {
        "item": "minecraft:string",
        "quantityRange": "0-2"
      },
      {
        "item": "cobblemon:occa_berry",
        "percentage": 5.0
      },
      {
        "item": "cobblemon:iron_ball",
        "percentage": 5.0
      }
    ]
  },
  "moves": [
    "1:toxicspikes",
    "1:tackle",
    "1:protect",
    "1:selfdestruct",
    "1:bugbite",
    "1:bide",
    "1:mirrorshot",
    "1:magnetrise",
    "1:zapcannon",
    "1:autotomize",
    "1:heavyslam",
    "1:naturalgift",
    "12:takedown",
    "17:rapidspin",
    "20:rollout",
    "23:curse",
    "28:spikes",
    "32:payback",
    "36:explosion",
    "42:irondefense",
    "46:gyroball",
    "50:doubleedge",
    "egg:counter",
    "egg:flail",
    "egg:pinmissile",
    "egg:powertrick",
    "egg:sandtomb",
    "egg:swift",
    "egg:toxicspikes",
    "tm:allyswitch",
    "tm:block",
    "tm:bodypress",
    "tm:bodyslam",
    "tm:bugbite",
    "tm:bugbuzz",
    "tm:bulldoze",
    "tm:curse",
    "tm:dig",
    "tm:doubleedge",
    "tm:drillrun",
    "tm:earthpower",
    "tm:earthquake",
    "tm:endure",
    "tm:explosion",
    "tm:facade",
    "tm:flashcannon",
    "tm:gigadrain",
    "tm:gigaimpact",
    "tm:gravity",
    "tm:gyroball",
    "tm:hardpress",
    "tm:headbutt",
    "tm:heavyslam",
    "tm:helpinghand",
    "tm:hyperbeam",
    "tm:icespinner",
    "tm:irondefense",
    "tm:ironhead",
    "tm:laserfocus",
    "tm:lightscreen",
    "tm:lunge",
    "tm:magnetrise",
    "tm:metalsound",
    "tm:naturalgift",
    "tm:painsplit",
    "tm:payback",
    "tm:pinmissile",
    "tm:poisonjab",
    "tm:pounce",
    "tm:protect",
    "tm:raindance",
    "tm:reflect",
    "tm:rest",
    "tm:revenge",
    "tm:reversal",
    "tm:rockblast",
    "tm:rockpolish",
    "tm:rockslide",
    "tm:rocksmash",
    "tm:rocktomb",
    "tm:rollout",
    "tm:sandstorm",
    "tm:sandtomb",
    "tm:seedbomb",
    "tm:selfdestruct",
    "tm:signalbeam",
    "tm:sleeptalk",
    "tm:smartstrike",
    "tm:solarbeam",
    "tm:spikes",
    "tm:stealthrock",
    "tm:steelbeam",
    "tm:steelroller",
    "tm:stoneedge",
    "tm:strength",
    "tm:stringshot",
    "tm:strugglebug",
    "tm:substitute",
    "tm:sunnyday",
    "tm:swift",
    "tm:takedown",
    "tm:telekinesis",
    "tm:terablast",
    "tm:thunderwave",
    "tm:toxicspikes",
    "tm:venoshock",
    "tm:voltswitch",
    "tutor:allyswitch",
    "tutor:block",
    "tutor:bugbite",
    "tutor:bulldoze",
    "tutor:drillrun",
    "tutor:earthpower",
    "tutor:flashcannon",
    "tutor:gigadrain",
    "tutor:gigaimpact",
    "tutor:gravity",
    "tutor:helpinghand",
    "tutor:hyperbeam",
    "tutor:irondefense",
    "tutor:ironhead",
    "tutor:laserfocus",
    "tutor:magnetrise",
    "tutor:painsplit",
    "tutor:poisonjab",
    "tutor:rest",
    "tutor:rockslide",
    "tutor:rocksmash",
    "tutor:rollout",
    "tutor:seedbomb",
    "tutor:signalbeam",
    "tutor:sleeptalk",
    "tutor:spikes",
    "tutor:stealthrock",
    "tutor:steelbeam",
    "tutor:steelroller",
    "tutor:stoneedge",
    "tutor:stringshot",
    "tutor:swift",
    "tutor:telekinesis",
    "legacy:attract",
    "legacy:captivate",
    "legacy:confide",
    "legacy:defensecurl",
    "legacy:doubleteam",
    "legacy:frustration",
    "legacy:hiddenpower",
    "legacy:mimic",
    "legacy:return",
    "legacy:round",
    "legacy:secretpower",
    "legacy:snore",
    "legacy:swagger",
    "legacy:sweetscent",
    "legacy:toxic",
    "special:refresh"
  ],
  "preEvolution": "pineco",
  "evolutions": [],
  "features": [
    "shulker"
  ],
  "mountable": {
    "enabled": true,
    "driving": {
      "item": "cobblemon:saddle",
      "canDrift": true
    },
    "stats": {
      "stamina": 999999,
      "speed": 1.5,
      "jumpHeight": 1.0,
      "acceleration": 0.1
    }
  }
}