{
  "implemented": true,
  "nationalPokedexNumber": 214,
  "name": "Heracross",
  "primaryType": "bug",
  "secondaryType": "fighting",
  "maleRatio": 0.5,
  "height": 15,
  "weight": 540,
  "pokedex": [
    "cobblemon.species.heracross.desc"
  ],
  "labels": [
    "gen2"
  ],
  "aspects": [],
  "abilities": [
    "swarm",
    "guts",
    "h:moxie"
  ],
  "eggGroups": [
    "bug"
  ],
  "baseStats": {
    "hp": 80,
    "attack": 125,
    "defence": 75,
    "special_attack": 40,
    "special_defence": 95,
    "speed": 85
  },
  "evYield": {
    "hp": 0,
    "attack": 2,
    "defence": 0,
    "special_attack": 0,
    "special_defence": 0,
    "speed": 0
  },
  "baseExperienceYield": 175,
  "experienceGroup": "slow",
  "catchRate": 45,
  "eggCycles": 25,
  "baseFriendship": 50,
  "baseScale": 1,
  "hitbox": {
    "height": 1.55,
    "fixed": false,
    "width": 1.05
  },
  "riding": {
    "behaviours": {
      "AIR": {
        "key": "cobblemon:air/bird",
        "rideSounds": [
          {
            "muffleEnabled": true,
            "pitchExpr": "math.max(1.0 ,0.2 + math.pow(math.min(q.ride_velocity() / 1.5, 1.0),2))",
            "playForNonPassengers": true,
            "soundLocation": "cobblemon:ride.loop.wind",
            "volumeExpr": "math.pow(math.min(q.ride_velocity() / 1.5, 1.0),2)"
          }
        ],
        "stats": {
          "ACCELERATION": "40-65",
          "JUMP": "0-5",
          "SKILL": "55-85",
          "SPEED": "150",
          "STAMINA": "999999"
        }
      },
      "LAND": {
        "key": "cobblemon:land/horse",
        "rideSounds": [],
        "stats": {
          "ACCELERATION": "55-70",
          "JUMP": "35-50",
          "SKILL": "40-65",
          "SPEED": "150",
          "STAMINA": "999999"
        }
      }
    },
    "seats": [
      {
        "offset": {
          "x": 0.0,
          "y": 0.0,
          "z": 0.0
        },
        "poseOffsets": [
          {
            "offset": {
              "x": 0.0,
              "y": -1.1883647,
              "z": 0.42571944
            },
            "poseTypes": [
              "STAND"
            ]
          },
          {
            "offset": {
              "x": 0.0,
              "y": -1.1850163,
              "z": 0.35647845
            },
            "poseTypes": [
              "WALK"
            ]
          },
          {
            "offset": {
              "x": 0.0,
              "y": -1.4426364,
              "z": 0.46148896
            },
            "poseTypes": [
              "HOVER"
            ]
          },
          {
            "offset": {
              "x": 0.0,
              "y": -1.5617441,
              "z": 0.07740402
            },
            "poseTypes": [
              "FLY"
            ]
          },
          {
            "offset": {
              "x": 0.0,
              "y": -1.1883647,
              "z": 0.42571944
            },
            "poseTypes": [
              "FLOAT"
            ]
          },
          {
            "offset": {
              "x": 0.0,
              "y": -1.1850163,
              "z": 0.35647845
            },
            "poseTypes": [
              "SWIM"
            ]
          },
          {
            "offset": {
              "x": 0.0,
              "y": -1.1883647,
              "z": 0.42571944
            },
            "poseTypes": [
              "GLIDE"
            ]
          }
        ]
      }
    ]
  },
  "behaviour": {
    "moving": {
      "fly": {
        "canFly": true
      },
      "swim": {
        "avoidsWater": true
      }
    },
    "resting": {
      "times": [
        "167-11833,13702-22299"
      ],
      "drowsyChance": 0.0021,
      "rouseChance": 0.0042
    },
    "combat": {
      "willDefendSelf": true,
      "willDefendOwner": true,
      "willFlee": false
    }
  },
  "drops": {
    "amount": 1,
    "entries": [
      {
        "item": "cobblemon:coba_berry",
        "percentage": 5.0
      }
    ]
  },
  "moves": [
    "1:nightslash",
    "1:tackle",
    "1:leer",
    "1:feint",
    "1:chipaway",
    "1:armthrust",
    "5:furyattack",
    "10:endure",
    "15:aerialace",
    "20:hornattack",
    "25:counter",
    "30:brickbreak",
    "35:pinmissile",
    "40:throatchop",
    "45:thrash",
    "50:swordsdance",
    "55:megahorn",
    "60:closecombat",
    "egg:bide",
    "egg:doubleedge",
    "egg:feint",
    "egg:flail",
    "egg:harden",
    "egg:nightslash",
    "egg:pursuit",
    "egg:seismictoss",
    "tm:aerialace",
    "tm:assurance",
    "tm:bodyslam",
    "tm:brickbreak",
    "tm:brutalswing",
    "tm:bugbite",
    "tm:bugbuzz",
    "tm:bulkup",
    "tm:bulldoze",
    "tm:bulletseed",
    "tm:closecombat",
    "tm:coaching",
    "tm:curse",
    "tm:cut",
    "tm:dig",
    "tm:doubleedge",
    "tm:earthquake",
    "tm:endeavor",
    "tm:endure",
    "tm:facade",
    "tm:falseswipe",
    "tm:fling",
    "tm:focusblast",
    "tm:focuspunch",
    "tm:furycutter",
    "tm:gigaimpact",
    "tm:headbutt",
    "tm:helpinghand",
    "tm:highhorsepower",
    "tm:hyperbeam",
    "tm:irondefense",
    "tm:knockoff",
    "tm:lowkick",
    "tm:lunge",
    "tm:megahorn",
    "tm:pinmissile",
    "tm:pounce",
    "tm:protect",
    "tm:raindance",
    "tm:rest",
    "tm:retaliate",
    "tm:revenge",
    "tm:reversal",
    "tm:rockblast",
    "tm:rockslide",
    "tm:rocksmash",
    "tm:rocktomb",
    "tm:shadowclaw",
    "tm:skittersmack",
    "tm:sleeptalk",
    "tm:smackdown",
    "tm:smartstrike",
    "tm:spikes",
    "tm:stoneedge",
    "tm:strength",
    "tm:strugglebug",
    "tm:substitute",
    "tm:sunnyday",
    "tm:swordsdance",
    "tm:takedown",
    "tm:terablast",
    "tm:thief",
    "tm:throatchop",
    "tm:trailblaze",
    "tm:upperhand",
    "tm:vacuumwave",
    "tm:workup",
    "tutor:aerialace",
    "tutor:bugbite",
    "tutor:bulkup",
    "tutor:bulldoze",
    "tutor:coaching",
    "tutor:endeavor",
    "tutor:falseswipe",
    "tutor:focuspunch",
    "tutor:furycutter",
    "tutor:gigaimpact",
    "tutor:helpinghand",
    "tutor:highhorsepower",
    "tutor:hyperbeam",
    "tutor:irondefense",
    "tutor:knockoff",
    "tutor:lowkick",
    "tutor:megahorn",
    "tutor:rest",
    "tutor:rockslide",
    "tutor:rocksmash",
    "tutor:shadowclaw",
    "tutor:skittersmack",
    "tutor:sleeptalk",
    "tutor:spikes",
    "tutor:stoneedge",
    "tutor:throatchop",
    "tutor:vacuumwave",
    "legacy:attract",
    "legacy:captivate",
    "legacy:confide",
    "legacy:detect",
    "legacy:doubleteam",
    "legacy:frustration",
    "legacy:hiddenpower",
    "legacy:mimic",
    "legacy:naturalgift",
    "legacy:return",
    "legacy:round",
    "legacy:secretpower",
    "legacy:snore",
    "legacy:swagger",
    "legacy:toxic",
    "legacy:venoshock"
  ],
  "evolutions": [],
  "forms": [
    {
      "name": "Mega",
      "primaryType": "bug",
      "secondaryType": "fighting",
      "maleRatio": 0.5,
      "height": 17,
      "weight": 625,
      "pokedex": [
        "cobblemon.species.heracross-mega.desc"
      ],
      "labels": [
        "gen6",
        "mega"
      ],
      "aspects": [
        "mega"
      ],
      "abilities": [
        "skilllink",
        "h:skilllink"
      ],
      "baseStats": {
        "hp": 80,
        "attack": 185,
        "defence": 115,
        "special_attack": 40,
        "special_defence": 105,
        "speed": 75
      },
      "baseExperienceYield": 210,
      "behaviour": {
        "resting": {
          "times": [
            "167-11833,13702-22299"
          ],
          "drowsyChance": 0.0021,
          "rouseChance": 0.0042
        },
        "moving": {
          "swim": {
            "avoidsWater": true
          }
        },
        "combat": {
          "willDefendSelf": true,
          "willDefendOwner": true,
          "willFlee": false
        }
      },
      "evolutions": [],
      "battleOnly": true,
      "dynamaxBlocked": true
    }
  ],
  "mountable": {
    "enabled": true,
    "driving": {
      "item": "cobblemon:saddle",
      "canDrift": true
    },
    "stats": {
      "stamina": 999999,
      "speed": 1.5,
      "jumpHeight": 1.0,
      "acceleration": 0.1
    }
  }
}