{
  "implemented": true,
  "nationalPokedexNumber": 250,
  "name": "Ho-Oh",
  "primaryType": "fire",
  "secondaryType": "flying",
  "maleRatio": -1,
  "height": 38,
  "weight": 1990,
  "pokedex": [
    "cobblemon.species.hooh.desc"
  ],
  "labels": [
    "gen2",
    "legendary",
    "restricted"
  ],
  "aspects": [],
  "abilities": [
    "pressure",
    "h:regenerator"
  ],
  "eggGroups": [
    "undiscovered"
  ],
  "baseStats": {
    "hp": 106,
    "attack": 130,
    "defence": 90,
    "special_attack": 110,
    "special_defence": 154,
    "speed": 90
  },
  "evYield": {
    "hp": 0,
    "attack": 0,
    "defence": 0,
    "special_attack": 0,
    "special_defence": 3,
    "speed": 0
  },
  "baseExperienceYield": 340,
  "experienceGroup": "slow",
  "catchRate": 3,
  "eggCycles": 120,
  "baseFriendship": 0,
  "baseScale": 1,
  "hitbox": {
    "width": 1.75,
    "height": 3.5,
    "fixed": false
  },
  "riding": {
    "behaviours": {
      "AIR": {
        "key": "cobblemon:air/bird",
        "rideSounds": [
          {
            "muffleEnabled": true,
            "pitchExpr": "math.max(1.0 ,0.2 + math.pow(math.min(q.ride_velocity() / 1.5, 1.0),2))",
            "playForNonPassengers": true,
            "soundLocation": "cobblemon:ride.loop.wind",
            "volumeExpr": "math.pow(math.min(q.ride_velocity() / 1.5, 1.0),2)"
          },
          {
            "soundLocation": "cobblemon:ride.loop.plumage",
            "volumeExpr": "math.pow(math.min(q.ride_velocity() / 1.5, 1.0),2)",
            "pitchExpr": "math.max(1.0 ,0.2 + math.pow(math.min(q.ride_velocity() / 1.5, 1.0),2))",
            "playForNonPassengers": true,
            "muffleEnabled": true
          }
        ],
        "stats": {
          "SPEED": "150",
          "ACCELERATION": "75-95",
          "SKILL": "65-85",
          "JUMP": "75-100",
          "STAMINA": "999999"
        }
      },
      "LAND": {
        "key": "cobblemon:land/horse",
        "rideSounds": [],
        "canJump": false,
        "canSprint": false,
        "stats": {
          "ACCELERATION": "10-40",
          "JUMP": "10-40",
          "SKILL": "80-100",
          "SPEED": "150",
          "STAMINA": "999999"
        }
      }
    },
    "seats": [
      {
        "offset": {
          "x": 0,
          "y": 0,
          "z": 0
        }
      },
      {
        "offset": {
          "x": 0,
          "y": 0,
          "z": 0
        }
      }
    ]
  },
  "drops": {
    "amount": 5,
    "entries": [
      {
        "item": "minecraft:feather",
        "quantityRange": "2-4"
      },
      {
        "item": "cobblemon:sacred_ash"
      }
    ]
  },
  "moves": [
    "1:whirlwind",
    "1:weatherball",
    "1:gust",
    "1:punishment",
    "1:ancientpower",
    "1:naturalgift",
    "9:lifedew",
    "18:safeguard",
    "27:calmmind",
    "36:extrasensory",
    "45:recover",
    "54:sacredfire",
    "63:sunnyday",
    "72:fireblast",
    "81:futuresight",
    "90:skyattack",
    "99:burnup",
    "tm:aerialace",
    "tm:aircutter",
    "tm:airslash",
    "tm:ancientpower",
    "tm:bodyslam",
    "tm:bravebird",
    "tm:calmmind",
    "tm:chargebeam",
    "tm:defog",
    "tm:doubleedge",
    "tm:dreameater",
    "tm:dualwingbeat",
    "tm:earthpower",
    "tm:earthquake",
    "tm:echoedvoice",
    "tm:endure",
    "tm:facade",
    "tm:fireblast",
    "tm:firespin",
    "tm:flamecharge",
    "tm:flamethrower",
    "tm:flareblitz",
    "tm:flash",
    "tm:fly",
    "tm:futuresight",
    "tm:gigadrain",
    "tm:gigaimpact",
    "tm:heatwave",
    "tm:helpinghand",
    "tm:hurricane",
    "tm:hyperbeam",
    "tm:hypervoice",
    "tm:imprison",
    "tm:incinerate",
    "tm:ironhead",
    "tm:laserfocus",
    "tm:lightscreen",
    "tm:mysticalfire",
    "tm:naturalgift",
    "tm:ominouswind",
    "tm:overheat",
    "tm:pluck",
    "tm:protect",
    "tm:psychic",
    "tm:psychup",
    "tm:raindance",
    "tm:reflect",
    "tm:rest",
    "tm:rocksmash",
    "tm:roost",
    "tm:safeguard",
    "tm:sandstorm",
    "tm:scorchingsands",
    "tm:shadowball",
    "tm:shockwave",
    "tm:signalbeam",
    "tm:skyattack",
    "tm:skydrop",
    "tm:sleeptalk",
    "tm:solarbeam",
    "tm:steelwing",
    "tm:strength",
    "tm:substitute",
    "tm:sunnyday",
    "tm:swift",
    "tm:tailwind",
    "tm:takedown",
    "tm:terablast",
    "tm:thunder",
    "tm:thunderbolt",
    "tm:twister",
    "tm:weatherball",
    "tm:willowisp",
    "tm:zenheadbutt",
    "tutor:aerialace",
    "tutor:aircutter",
    "tutor:ancientpower",
    "tutor:calmmind",
    "tutor:chargebeam",
    "tutor:defog",
    "tutor:dualwingbeat",
    "tutor:earthpower",
    "tutor:flamethrower",
    "tutor:gigadrain",
    "tutor:gigaimpact",
    "tutor:heatwave",
    "tutor:helpinghand",
    "tutor:hyperbeam",
    "tutor:hypervoice",
    "tutor:ironhead",
    "tutor:laserfocus",
    "tutor:mysticalfire",
    "tutor:ominouswind",
    "tutor:psychic",
    "tutor:rest",
    "tutor:rocksmash",
    "tutor:roost",
    "tutor:scorchingsands",
    "tutor:shadowball",
    "tutor:shockwave",
    "tutor:signalbeam",
    "tutor:skyattack",
    "tutor:sleeptalk",
    "tutor:swift",
    "tutor:tailwind",
    "tutor:thunderbolt",
    "tutor:twister",
    "tutor:zenheadbutt",
    "legacy:bulldoze",
    "legacy:confide",
    "legacy:curse",
    "legacy:detect",
    "legacy:doubleteam",
    "legacy:dragonbreath",
    "legacy:frustration",
    "legacy:hiddenpower",
    "legacy:mimic",
    "legacy:mudslap",
    "legacy:nightmare",
    "legacy:return",
    "legacy:roar",
    "legacy:round",
    "legacy:secretpower",
    "legacy:snore",
    "legacy:swagger",
    "legacy:thunderwave",
    "legacy:toxic",
    "legacy:zapcannon",
    "special:celebrate"
  ],
  "evolutions": [],
  "behaviour": {
    "herd": {
      "maxSize": "2",
      "toleratedLeaders": [
        {
          "pokemon": "hooh",
          "tier": 1
        }
      ]
    },
    "resting": {
      "canSleep": true,
      "light": "0-4",
      "drowsyChance": 0.0333,
      "rouseChance": 0.0042
    },
    "moving": {
      "fly": {
        "canFly": true
      },
      "swim": {
        "avoidsWater": true,
        "canSwimInLava": true
      }
    },
    "combat": {
      "willDefendSelf": true,
      "willDefendOwner": true,
      "willFlee": false
    },
    "fireImmune": true
  },
  "mountable": {
    "enabled": true,
    "driving": {
      "item": "cobblemon:saddle",
      "canDrift": true
    },
    "stats": {
      "stamina": 999999,
      "speed": 1.5,
      "jumpHeight": 1.0,
      "acceleration": 0.1
    }
  }
}