{
  "implemented": true,
  "nationalPokedexNumber": 249,
  "name": "Lugia",
  "primaryType": "psychic",
  "secondaryType": "flying",
  "maleRatio": -1,
  "height": 52,
  "weight": 2160,
  "pokedex": [
    "cobblemon.species.lugia.desc"
  ],
  "labels": [
    "gen2",
    "legendary",
    "restricted"
  ],
  "aspects": [],
  "abilities": [
    "pressure",
    "h:multiscale"
  ],
  "eggGroups": [
    "undiscovered"
  ],
  "baseStats": {
    "hp": 106,
    "attack": 90,
    "defence": 130,
    "special_attack": 90,
    "special_defence": 154,
    "speed": 110
  },
  "evYield": {
    "hp": 0,
    "attack": 0,
    "defence": 0,
    "special_attack": 0,
    "special_defence": 3,
    "speed": 0
  },
  "baseExperienceYield": 340,
  "experienceGroup": "slow",
  "catchRate": 3,
  "eggCycles": 120,
  "baseFriendship": 0,
  "baseScale": 1,
  "hitbox": {
    "width": 2,
    "height": 4.5,
    "fixed": false
  },
  "behaviour": {
    "moving": {
      "fly": {
        "canFly": true
      },
      "swim": {
        "canBreatheUnderwater": true
      }
    },
    "resting": {
      "canSleep": true,
      "light": "0-4",
      "times": [
        "day"
      ],
      "drowsyChance": 0.0033,
      "rouseChance": 0.0042
    },
    "herd": {
      "maxSize": "2",
      "toleratedLeaders": [
        {
          "pokemon": "lugia",
          "tier": 1
        }
      ]
    },
    "combat": {
      "willDefendSelf": true,
      "willDefendOwner": true,
      "willFlee": false
    }
  },
  "riding": {
    "behaviours": {
      "AIR": {
        "key": "cobblemon:air/bird",
        "rideSounds": [
          {
            "muffleEnabled": true,
            "pitchExpr": "math.max(1.0 ,0.2 + math.pow(math.min(q.ride_velocity() / 1.5, 1.0),2))",
            "playForNonPassengers": true,
            "soundLocation": "cobblemon:ride.loop.wind",
            "volumeExpr": "math.pow(math.min(q.ride_velocity() / 1.5, 1.0),2)"
          },
          {
            "soundLocation": "cobblemon:ride.loop.plumage",
            "volumeExpr": "math.pow(math.min(q.ride_velocity() / 1.5, 1.0),2)",
            "pitchExpr": "math.max(1.0 ,0.2 + math.pow(math.min(q.ride_velocity() / 1.5, 1.0),2))",
            "playForNonPassengers": true,
            "muffleEnabled": true
          }
        ],
        "stats": {
          "SPEED": "150",
          "ACCELERATION": "65-85",
          "SKILL": "60-80",
          "JUMP": "75-90",
          "STAMINA": "999999"
        }
      },
      "LAND": {
        "key": "cobblemon:land/horse",
        "rideSounds": [],
        "canJump": false,
        "canSprint": false,
        "stats": {
          "ACCELERATION": "10-40",
          "JUMP": "10-40",
          "SKILL": "80-100",
          "SPEED": "150",
          "STAMINA": "999999"
        }
      },
      "LIQUID": {
        "key": "cobblemon:liquid/dolphin",
        "rideSounds": [],
        "stats": {
          "ACCELERATION": "80-100",
          "JUMP": "75-90",
          "SKILL": "75-95",
          "SPEED": "60-80",
          "STAMINA": "80-100"
        }
      }
    },
    "seats": [
      {
        "offset": {
          "x": 0.0,
          "y": 0.0,
          "z": 0.0
        },
        "poseOffsets": [
          {
            "offset": {
              "x": 0.034606032,
              "y": -1.5341986,
              "z": 0.37832174
            },
            "poseTypes": [
              "STAND"
            ]
          },
          {
            "offset": {
              "x": 0.03827512,
              "y": -1.5886322,
              "z": 0.22758226
            },
            "poseTypes": [
              "WALK"
            ]
          },
          {
            "offset": {
              "x": -0.0007430427,
              "y": -1.5346525,
              "z": 0.096624345
            },
            "poseTypes": [
              "HOVER"
            ]
          },
          {
            "offset": {
              "x": -0.0007430427,
              "y": -1.5346525,
              "z": 0.096624345
            },
            "poseTypes": [
              "FLY"
            ]
          },
          {
            "offset": {
              "x": 0.058166258,
              "y": -1.3681284,
              "z": 0.07504621
            },
            "poseTypes": [
              "FLOAT"
            ]
          },
          {
            "offset": {
              "x": -0.06913256,
              "y": -1.3229959,
              "z": 0.04127787
            },
            "poseTypes": [
              "SWIM"
            ]
          },
          {
            "offset": {
              "x": -0.0007430427,
              "y": -1.5346525,
              "z": 0.096624345
            },
            "poseTypes": [
              "GLIDE"
            ]
          }
        ]
      }
    ]
  },
  "drops": {
    "amount": 4,
    "entries": [
      {
        "item": "minecraft:feather",
        "quantityRange": "2-4"
      }
    ]
  },
  "moves": [
    "1:whirlwind",
    "1:weatherball",
    "1:gust",
    "1:dragonrush",
    "1:punishment",
    "1:ancientpower",
    "1:naturalgift",
    "9:mist",
    "18:safeguard",
    "27:calmmind",
    "36:extrasensory",
    "45:recover",
    "54:aeroblast",
    "63:raindance",
    "72:hydropump",
    "81:futuresight",
    "90:skyattack",
    "tm:acrobatics",
    "tm:aerialace",
    "tm:aircutter",
    "tm:airslash",
    "tm:ancientpower",
    "tm:aquatail",
    "tm:avalanche",
    "tm:blizzard",
    "tm:bodyslam",
    "tm:bravebird",
    "tm:brine",
    "tm:calmmind",
    "tm:chargebeam",
    "tm:chillingwater",
    "tm:curse",
    "tm:defog",
    "tm:dive",
    "tm:doubleedge",
    "tm:dragonpulse",
    "tm:dragontail",
    "tm:dreameater",
    "tm:dualwingbeat",
    "tm:earthpower",
    "tm:earthquake",
    "tm:echoedvoice",
    "tm:endure",
    "tm:facade",
    "tm:flash",
    "tm:fly",
    "tm:futuresight",
    "tm:gigadrain",
    "tm:gigaimpact",
    "tm:hail",
    "tm:headbutt",
    "tm:helpinghand",
    "tm:hurricane",
    "tm:hydropump",
    "tm:hyperbeam",
    "tm:hypervoice",
    "tm:icebeam",
    "tm:icywind",
    "tm:imprison",
    "tm:ironhead",
    "tm:irontail",
    "tm:laserfocus",
    "tm:lightscreen",
    "tm:liquidation",
    "tm:naturalgift",
    "tm:ominouswind",
    "tm:protect",
    "tm:psychic",
    "tm:psychicnoise",
    "tm:psychup",
    "tm:psyshock",
    "tm:raindance",
    "tm:reflect",
    "tm:rest",
    "tm:rocksmash",
    "tm:roost",
    "tm:safeguard",
    "tm:sandstorm",
    "tm:scaleshot",
    "tm:scaryface",
    "tm:shadowball",
    "tm:shockwave",
    "tm:signalbeam",
    "tm:skillswap",
    "tm:skyattack",
    "tm:skydrop",
    "tm:sleeptalk",
    "tm:steelwing",
    "tm:strength",
    "tm:substitute",
    "tm:sunnyday",
    "tm:surf",
    "tm:swift",
    "tm:tailwind",
    "tm:takedown",
    "tm:telekinesis",
    "tm:terablast",
    "tm:thunder",
    "tm:thunderbolt",
    "tm:trick",
    "tm:twister",
    "tm:waterfall",
    "tm:waterpulse",
    "tm:weatherball",
    "tm:whirlpool",
    "tm:wonderroom",
    "tm:zenheadbutt",
    "tutor:aerialace",
    "tutor:aircutter",
    "tutor:ancientpower",
    "tutor:aquatail",
    "tutor:calmmind",
    "tutor:chargebeam",
    "tutor:defog",
    "tutor:dive",
    "tutor:dragonpulse",
    "tutor:dualwingbeat",
    "tutor:earthpower",
    "tutor:gigadrain",
    "tutor:gigaimpact",
    "tutor:helpinghand",
    "tutor:hyperbeam",
    "tutor:hypervoice",
    "tutor:icebeam",
    "tutor:icywind",
    "tutor:ironhead",
    "tutor:irontail",
    "tutor:laserfocus",
    "tutor:liquidation",
    "tutor:ominouswind",
    "tutor:psychic",
    "tutor:rest",
    "tutor:rocksmash",
    "tutor:roost",
    "tutor:scaleshot",
    "tutor:shadowball",
    "tutor:shockwave",
    "tutor:signalbeam",
    "tutor:skillswap",
    "tutor:skyattack",
    "tutor:sleeptalk",
    "tutor:swift",
    "tutor:tailwind",
    "tutor:telekinesis",
    "tutor:thunderbolt",
    "tutor:trick",
    "tutor:twister",
    "tutor:waterpulse",
    "tutor:wonderroom",
    "tutor:zenheadbutt",
    "legacy:bulldoze",
    "legacy:confide",
    "legacy:detect",
    "legacy:doubleteam",
    "legacy:dragonbreath",
    "legacy:frustration",
    "legacy:hiddenpower",
    "legacy:mimic",
    "legacy:mudslap",
    "legacy:nightmare",
    "legacy:return",
    "legacy:roar",
    "legacy:round",
    "legacy:secretpower",
    "legacy:snore",
    "legacy:swagger",
    "legacy:thunderwave",
    "legacy:toxic",
    "legacy:zapcannon",
    "special:featherdance",
    "special:psychoboost"
  ],
  "evolutions": [],
  "mountable": {
    "enabled": true,
    "driving": {
      "item": "cobblemon:saddle",
      "canDrift": true
    },
    "stats": {
      "stamina": 999999,
      "speed": 1.5,
      "jumpHeight": 1.0,
      "acceleration": 0.1
    }
  }
}