{
  "implemented": true,
  "nationalPokedexNumber": 344,
  "name": "Claydol",
  "primaryType": "ground",
  "secondaryType": "psychic",
  "maleRatio": -1,
  "height": 15,
  "weight": 1080,
  "pokedex": [
    "cobblemon.species.claydol.desc"
  ],
  "labels": [
    "gen3"
  ],
  "aspects": [],
  "abilities": [
    "levitate",
    "h:levitate"
  ],
  "eggGroups": [
    "mineral"
  ],
  "baseStats": {
    "hp": 60,
    "attack": 70,
    "defence": 105,
    "special_attack": 70,
    "special_defence": 120,
    "speed": 75
  },
  "evYield": {
    "hp": 0,
    "attack": 0,
    "defence": 0,
    "special_attack": 0,
    "special_defence": 2,
    "speed": 0
  },
  "baseExperienceYield": 175,
  "experienceGroup": "medium_fast",
  "catchRate": 90,
  "eggCycles": 20,
  "baseFriendship": 50,
  "baseScale": 1.1,
  "hitbox": {
    "height": 2,
    "fixed": false,
    "width": 1.5
  },
  "riding": {
    "behaviours": {
      "AIR": {
        "key": "cobblemon:air/hover",
        "rideSounds": [
          {
            "muffleEnabled": true,
            "pitchExpr": "math.max(1.0 ,0.2 + math.pow(math.min(q.ride_velocity() / 1.5, 1.0),2))",
            "playForNonPassengers": true,
            "soundLocation": "cobblemon:ride.loop.wind",
            "volumeExpr": "math.pow(math.min(q.ride_velocity() / 1.5, 1.0),2)"
          },
          {
            "muffleEnabled": true,
            "pitchExpr": "math.pow(math.min(math.max(0.5,(q.ride_velocity()*0.5 / 1.5) + 0.5), 1.0),2)",
            "playForNonPassengers": true,
            "soundLocation": "cobblemon:ride.loop.saucer",
            "volumeExpr": "math.pow(math.min(q.ride_velocity() / 1.5, 1.0),2)"
          }
        ],
        "stats": {
          "ACCELERATION": "55-80",
          "JUMP": "15-30",
          "SKILL": "50-75",
          "SPEED": "150",
          "STAMINA": "999999"
        }
      }
    },
    "seats": [
      {
        "offset": {
          "x": 0.0,
          "y": 0.0,
          "z": 0.0
        },
        "poseOffsets": [
          {
            "offset": {
              "x": 0.039817356,
              "y": -2.0712447,
              "z": 0.38493484
            },
            "poseTypes": [
              "STAND"
            ]
          },
          {
            "offset": {
              "x": 0.06330635,
              "y": -2.1076818,
              "z": 0.056633532
            },
            "poseTypes": [
              "WALK"
            ]
          },
          {
            "offset": {
              "x": 0.039817356,
              "y": -2.0712447,
              "z": 0.38493484
            },
            "poseTypes": [
              "HOVER"
            ]
          },
          {
            "offset": {
              "x": 0.06330635,
              "y": -2.1076818,
              "z": 0.056633532
            },
            "poseTypes": [
              "FLY"
            ]
          },
          {
            "offset": {
              "x": 0.039817356,
              "y": -2.0712447,
              "z": 0.38493484
            },
            "poseTypes": [
              "FLOAT"
            ]
          },
          {
            "offset": {
              "x": 0.06330635,
              "y": -2.1076818,
              "z": 0.056633532
            },
            "poseTypes": [
              "SWIM"
            ]
          },
          {
            "offset": {
              "x": 0.039817356,
              "y": -2.0712447,
              "z": 0.38493484
            },
            "poseTypes": [
              "GLIDE"
            ]
          }
        ]
      }
    ]
  },
  "behaviour": {
    "herd": {
      "maxSize": "3"
    },
    "moving": {
      "fly": {
        "canFly": true
      },
      "swim": {
        "avoidsWater": true
      },
      "walk": {
        "canWalk": false
      }
    },
    "resting": {
      "canSleep": true,
      "light": "0-4",
      "times": [
        "any"
      ],
      "drowsyChance": 0.0014,
      "rouseChance": 0.0042
    },
    "combat": {
      "willDefendSelf": true,
      "willDefendOwner": true,
      "willFlee": false
    }
  },
  "drops": {
    "amount": 4,
    "entries": [
      {
        "item": "minecraft:clay_ball",
        "quantityRange": "0-2"
      },
      {
        "item": "cobblemon:light_clay",
        "percentage": 5.0
      },
      {
        "item": "cobblemon:colbur_berry",
        "percentage": 5.0
      }
    ]
  },
  "moves": [
    "1:teleport",
    "1:confusion",
    "1:harden",
    "1:rapidspin",
    "1:mudslap",
    "1:hyperbeam",
    "1:healblock",
    "9:rocktomb",
    "12:powertrick",
    "15:psybeam",
    "18:ancientpower",
    "21:imprison",
    "24:cosmicpower",
    "27:extrasensory",
    "30:earthpower",
    "33:selfdestruct",
    "38:guardsplit",
    "38:powersplit",
    "43:sandstorm",
    "48:explosion",
    "tm:allyswitch",
    "tm:ancientpower",
    "tm:bodypress",
    "tm:bulldoze",
    "tm:calmmind",
    "tm:chargebeam",
    "tm:cosmicpower",
    "tm:dazzlinggleam",
    "tm:dig",
    "tm:dreameater",
    "tm:drillrun",
    "tm:earthpower",
    "tm:earthquake",
    "tm:eerieimpulse",
    "tm:endure",
    "tm:expandingforce",
    "tm:explosion",
    "tm:facade",
    "tm:flash",
    "tm:futuresight",
    "tm:gigaimpact",
    "tm:grassknot",
    "tm:gravity",
    "tm:guardswap",
    "tm:gyroball",
    "tm:headbutt",
    "tm:hex",
    "tm:hyperbeam",
    "tm:icebeam",
    "tm:imprison",
    "tm:irondefense",
    "tm:lightscreen",
    "tm:magiccoat",
    "tm:mudslap",
    "tm:nastyplot",
    "tm:powerswap",
    "tm:protect",
    "tm:psybeam",
    "tm:psychic",
    "tm:psychicterrain",
    "tm:psychup",
    "tm:psyshock",
    "tm:raindance",
    "tm:recycle",
    "tm:reflect",
    "tm:rest",
    "tm:rockpolish",
    "tm:rockslide",
    "tm:rocksmash",
    "tm:rocktomb",
    "tm:safeguard",
    "tm:sandstorm",
    "tm:sandtomb",
    "tm:scorchingsands",
    "tm:selfdestruct",
    "tm:shadowball",
    "tm:signalbeam",
    "tm:skillswap",
    "tm:sleeptalk",
    "tm:smackdown",
    "tm:solarbeam",
    "tm:stealthrock",
    "tm:stoneedge",
    "tm:storedpower",
    "tm:strength",
    "tm:substitute",
    "tm:sunnyday",
    "tm:telekinesis",
    "tm:terablast",
    "tm:trick",
    "tm:trickroom",
    "tm:wonderroom",
    "tm:zenheadbutt",
    "tutor:allyswitch",
    "tutor:ancientpower",
    "tutor:bulldoze",
    "tutor:calmmind",
    "tutor:chargebeam",
    "tutor:dazzlinggleam",
    "tutor:drillrun",
    "tutor:earthpower",
    "tutor:expandingforce",
    "tutor:gigaimpact",
    "tutor:gravity",
    "tutor:hyperbeam",
    "tutor:icebeam",
    "tutor:irondefense",
    "tutor:magiccoat",
    "tutor:mudslap",
    "tutor:psychic",
    "tutor:recycle",
    "tutor:rest",
    "tutor:rockslide",
    "tutor:rocksmash",
    "tutor:scorchingsands",
    "tutor:shadowball",
    "tutor:signalbeam",
    "tutor:skillswap",
    "tutor:sleeptalk",
    "tutor:stealthrock",
    "tutor:stoneedge",
    "tutor:telekinesis",
    "tutor:trick",
    "tutor:wonderroom",
    "tutor:zenheadbutt",
    "legacy:confide",
    "legacy:doubleedge",
    "legacy:doubleteam",
    "legacy:frustration",
    "legacy:hiddenpower",
    "legacy:mimic",
    "legacy:naturalgift",
    "legacy:return",
    "legacy:round",
    "legacy:secretpower",
    "legacy:snore",
    "legacy:swagger",
    "legacy:toxic",
    "special:refresh"
  ],
  "preEvolution": "baltoy",
  "evolutions": [],
  "mountable": {
    "enabled": true,
    "driving": {
      "item": "cobblemon:saddle",
      "canDrift": true
    },
    "stats": {
      "stamina": 999999,
      "speed": 1.5,
      "jumpHeight": 1.0,
      "acceleration": 0.1
    }
  }
}