{
  "implemented": true,
  "nationalPokedexNumber": 380,
  "name": "Latias",
  "primaryType": "dragon",
  "secondaryType": "psychic",
  "maleRatio": 0,
  "height": 14,
  "weight": 400,
  "pokedex": [
    "cobblemon.species.latias.desc"
  ],
  "labels": [
    "gen3",
    "legendary"
  ],
  "aspects": [],
  "abilities": [
    "levitate",
    "h:levitate"
  ],
  "eggGroups": [
    "undiscovered"
  ],
  "baseStats": {
    "hp": 80,
    "attack": 80,
    "defence": 90,
    "special_attack": 110,
    "special_defence": 130,
    "speed": 110
  },
  "evYield": {
    "hp": 0,
    "attack": 0,
    "defence": 0,
    "special_attack": 0,
    "special_defence": 3,
    "speed": 0
  },
  "riding": {
    "behaviours": {
      "AIR": {
        "speed": "Math.clamp(q.entity.velocity.horizontal_magnitude + 0.33, 0, 1)",
        "key": "cobblemon:air/jet",
        "rideSounds": [
          {
            "muffleEnabled": true,
            "pitchExpr": "math.max(1.0 ,0.2 + math.pow(math.min(q.ride_velocity() / 1.5, 1.0),2))",
            "playForNonPassengers": true,
            "soundLocation": "cobblemon:ride.loop.wind",
            "volumeExpr": "math.pow(math.min(q.ride_velocity() / 1.5, 1.0),2)"
          }
        ],
        "gravity": "q.gravity * (0.1 + (q.passenger_count - 1) * 0.1)",
        "jumpVector": [
          0,
          "0.3*q.jump_strength/50",
          0
        ],
        "stats": {
          "ACCELERATION": "70-95",
          "JUMP": "85-100",
          "SKILL": "70-95",
          "SPEED": "150",
          "STAMINA": "999999"
        }
      },
      "LAND": {
        "key": "cobblemon:land/horse",
        "rideSounds": [],
        "canJump": false,
        "canSprint": false,
        "stats": {
          "ACCELERATION": "10-40",
          "JUMP": "10-40",
          "SKILL": "80-100",
          "SPEED": "150",
          "STAMINA": "999999"
        }
      }
    },
    "seats": [
      {
        "offset": {
          "x": 0.0,
          "y": 0.0,
          "z": 0.0
        },
        "poseOffsets": [
          {
            "offset": {
              "x": 0.0,
              "y": -1.79316,
              "z": 0.7641932
            },
            "poseTypes": [
              "STAND"
            ]
          },
          {
            "offset": {
              "x": 0.0,
              "y": -2.0687745,
              "z": 0.5822059
            },
            "poseTypes": [
              "WALK"
            ]
          },
          {
            "offset": {
              "x": 0.0,
              "y": -1.79316,
              "z": 0.7641932
            },
            "poseTypes": [
              "HOVER"
            ]
          },
          {
            "offset": {
              "x": 0.35303587,
              "y": -1.1183715,
              "z": -0.25105122
            },
            "poseTypes": [
              "FLY"
            ]
          },
          {
            "offset": {
              "x": -0.016359132,
              "y": -2.2029357,
              "z": 0.8644739
            },
            "poseTypes": [
              "FLOAT"
            ]
          },
          {
            "offset": {
              "x": -0.016359132,
              "y": -2.2029357,
              "z": 0.8644739
            },
            "poseTypes": [
              "SWIM"
            ]
          },
          {
            "offset": {
              "x": -0.016359132,
              "y": -2.2029357,
              "z": 0.8644739
            },
            "poseTypes": [
              "GLIDE"
            ]
          }
        ]
      }
    ]
  },
  "behaviour": {
    "resting": {
      "canSleep": true,
      "light": "0-4",
      "drowsyChance": 0.0333,
      "rouseChance": 0.0042
    },
    "moving": {
      "walk": {
        "walkSpeed": 0.3
      },
      "fly": {
        "canFly": true
      },
      "swim": {
        "canSwim": true,
        "canBreatheUnderwater": true
      }
    },
    "herd": {
      "maxSize": "6",
      "toleratedLeaders": [
        {
          "pokemon": "latias mega=false",
          "tier": 1
        },
        {
          "pokemon": "latios mega=false",
          "tier": 2
        },
        {
          "pokemon": "latias mega",
          "tier": 3
        },
        {
          "pokemon": "latios mega",
          "tier": 3
        }
      ]
    },
    "combat": {
      "willDefendOwner": true
    }
  },
  "baseExperienceYield": 300,
  "experienceGroup": "slow",
  "catchRate": 3,
  "eggCycles": 120,
  "baseFriendship": 90,
  "baseScale": 0.9,
  "hitbox": {
    "width": 2,
    "height": 1.7,
    "fixed": false
  },
  "drops": {
    "amount": 4,
    "entries": [
      {
        "item": "minecraft:feather",
        "quantityRange": "2-4"
      }
    ]
  },
  "moves": [
    "1:psywave",
    "1:watersport",
    "1:refresh",
    "1:psychoshift",
    "1:charm",
    "1:storedpower",
    "5:helpinghand",
    "10:recover",
    "15:confusion",
    "20:tailwind",
    "25:dragonbreath",
    "30:wish",
    "35:mistball",
    "40:zenheadbutt",
    "45:dragonpulse",
    "50:healpulse",
    "55:reflecttype",
    "60:psychic",
    "65:guardsplit",
    "70:healingwish",
    "tm:aerialace",
    "tm:agility",
    "tm:aircutter",
    "tm:airslash",
    "tm:alluringvoice",
    "tm:allyswitch",
    "tm:aurasphere",
    "tm:batonpass",
    "tm:bodyslam",
    "tm:breakingswipe",
    "tm:bulldoze",
    "tm:calmmind",
    "tm:chargebeam",
    "tm:charm",
    "tm:chillingwater",
    "tm:covet",
    "tm:cut",
    "tm:defog",
    "tm:disarmingvoice",
    "tm:dive",
    "tm:doubleedge",
    "tm:dracometeor",
    "tm:dragoncheer",
    "tm:dragonclaw",
    "tm:dragondance",
    "tm:dragonpulse",
    "tm:drainingkiss",
    "tm:dreameater",
    "tm:dualwingbeat",
    "tm:earthquake",
    "tm:endure",
    "tm:energyball",
    "tm:facade",
    "tm:flash",
    "tm:fly",
    "tm:furycutter",
    "tm:futuresight",
    "tm:gigaimpact",
    "tm:grassknot",
    "tm:helpinghand",
    "tm:honeclaws",
    "tm:hyperbeam",
    "tm:icebeam",
    "tm:icywind",
    "tm:laserfocus",
    "tm:lastresort",
    "tm:lightscreen",
    "tm:liquidation",
    "tm:magiccoat",
    "tm:magicroom",
    "tm:mysticalfire",
    "tm:outrage",
    "tm:protect",
    "tm:psychic",
    "tm:psychocut",
    "tm:psychup",
    "tm:psyshock",
    "tm:raindance",
    "tm:reflect",
    "tm:rest",
    "tm:retaliate",
    "tm:roar",
    "tm:roleplay",
    "tm:roost",
    "tm:safeguard",
    "tm:sandstorm",
    "tm:scaleshot",
    "tm:shadowball",
    "tm:shadowclaw",
    "tm:shockwave",
    "tm:sleeptalk",
    "tm:solarbeam",
    "tm:steelwing",
    "tm:storedpower",
    "tm:substitute",
    "tm:suckerpunch",
    "tm:sunnyday",
    "tm:surf",
    "tm:swift",
    "tm:tailwind",
    "tm:takedown",
    "tm:telekinesis",
    "tm:terablast",
    "tm:thunder",
    "tm:thunderbolt",
    "tm:thunderwave",
    "tm:triattack",
    "tm:trick",
    "tm:twister",
    "tm:waterfall",
    "tm:waterpulse",
    "tm:weatherball",
    "tm:whirlpool",
    "tm:zenheadbutt",
    "tutor:aerialace",
    "tutor:aircutter",
    "tutor:allyswitch",
    "tutor:bulldoze",
    "tutor:calmmind",
    "tutor:chargebeam",
    "tutor:covet",
    "tutor:defog",
    "tutor:dive",
    "tutor:dracometeor",
    "tutor:dragonpulse",
    "tutor:dualwingbeat",
    "tutor:energyball",
    "tutor:furycutter",
    "tutor:gigaimpact",
    "tutor:helpinghand",
    "tutor:hyperbeam",
    "tutor:icebeam",
    "tutor:icywind",
    "tutor:laserfocus",
    "tutor:lastresort",
    "tutor:liquidation",
    "tutor:magiccoat",
    "tutor:magicroom",
    "tutor:mysticalfire",
    "tutor:outrage",
    "tutor:psychic",
    "tutor:psychocut",
    "tutor:rest",
    "tutor:roleplay",
    "tutor:roost",
    "tutor:scaleshot",
    "tutor:shadowball",
    "tutor:shadowclaw",
    "tutor:shockwave",
    "tutor:sleeptalk",
    "tutor:suckerpunch",
    "tutor:swift",
    "tutor:tailwind",
    "tutor:telekinesis",
    "tutor:thunderbolt",
    "tutor:trick",
    "tutor:twister",
    "tutor:waterpulse",
    "tutor:zenheadbutt",
    "legacy:attract",
    "legacy:captivate",
    "legacy:confide",
    "legacy:doubleteam",
    "legacy:frustration",
    "legacy:hiddenpower",
    "legacy:mimic",
    "legacy:mudslap",
    "legacy:naturalgift",
    "legacy:return",
    "legacy:round",
    "legacy:secretpower",
    "legacy:snore",
    "legacy:swagger",
    "legacy:toxic",
    "special:sweetkiss"
  ],
  "evolutions": [],
  "forms": [
    {
      "name": "Mega",
      "primaryType": "dragon",
      "secondaryType": "psychic",
      "maleRatio": 0,
      "height": 18,
      "weight": 520,
      "pokedex": [
        "cobblemon.species.latias-mega.desc"
      ],
      "labels": [
        "gen6",
        "legendary",
        "mega"
      ],
      "aspects": [
        "mega"
      ],
      "baseStats": {
        "hp": 80,
        "attack": 100,
        "defence": 120,
        "special_attack": 140,
        "special_defence": 150,
        "speed": 110
      },
      "baseExperienceYield": 350,
      "dynamaxBlocked": true,
      "evolutions": [],
      "battleOnly": true,
      "behaviour": {
        "herd": {
          "maxSize": "7",
          "toleratedLeaders": [
            {
              "pokemon": "latias mega",
              "tier": 1
            },
            {
              "pokemon": "latios mega",
              "tier": 1
            }
          ]
        },
        "resting": {
          "drowsyChance": 0.0333,
          "rouseChance": 0.0042
        },
        "moving": {
          "swim": {
            "canBreatheUnderwater": true
          },
          "fly": {
            "canFly": true
          }
        },
        "combat": {
          "willDefendSelf": true,
          "willDefendOwner": true,
          "willFlee": false
        }
      }
    }
  ],
  "mountable": {
    "enabled": true,
    "driving": {
      "item": "cobblemon:saddle",
      "canDrift": true
    },
    "stats": {
      "stamina": 999999,
      "speed": 1.5,
      "jumpHeight": 1.0,
      "acceleration": 0.1
    }
  }
}