{
  "implemented": true,
  "nationalPokedexNumber": 357,
  "name": "Tropius",
  "primaryType": "grass",
  "secondaryType": "flying",
  "maleRatio": 0.5,
  "height": 20,
  "weight": 1000,
  "pokedex": [
    "cobblemon.species.tropius.desc"
  ],
  "labels": [
    "gen3"
  ],
  "aspects": [],
  "abilities": [
    "chlorophyll",
    "solarpower",
    "h:harvest"
  ],
  "eggGroups": [
    "monster",
    "grass"
  ],
  "baseStats": {
    "hp": 99,
    "attack": 68,
    "defence": 83,
    "special_attack": 72,
    "special_defence": 87,
    "speed": 51
  },
  "evYield": {
    "hp": 2,
    "attack": 0,
    "defence": 0,
    "special_attack": 0,
    "special_defence": 0,
    "speed": 0
  },
  "baseExperienceYield": 161,
  "experienceGroup": "slow",
  "catchRate": 200,
  "eggCycles": 25,
  "baseFriendship": 50,
  "baseScale": 1,
  "hitbox": {
    "height": 5,
    "fixed": false,
    "width": 2.2
  },
  "riding": {
    "behaviours": {
      "AIR": {
        "key": "cobblemon:air/bird",
        "rideSounds": [
          {
            "muffleEnabled": true,
            "pitchExpr": "math.max(1.0 ,0.2 + math.pow(math.min(q.ride_velocity() / 1.5, 1.0),2))",
            "playForNonPassengers": true,
            "soundLocation": "cobblemon:ride.loop.wind",
            "volumeExpr": "math.pow(math.min(q.ride_velocity() / 1.5, 1.0),2)"
          }
        ],
        "stats": {
          "ACCELERATION": "20-45",
          "JUMP": "70-90",
          "SKILL": "20-40",
          "SPEED": "150",
          "STAMINA": "999999"
        }
      },
      "LAND": {
        "key": "cobblemon:land/horse",
        "rideSounds": [],
        "stats": {
          "ACCELERATION": "30-50",
          "JUMP": "10-20",
          "SKILL": "30-50",
          "SPEED": "150",
          "STAMINA": "999999"
        }
      }
    },
    "seats": [
      {
        "offset": {
          "x": 0.0,
          "y": 0.0,
          "z": 0.0
        },
        "poseOffsets": [
          {
            "offset": {
              "x": 0.0,
              "y": -1.8254058,
              "z": 0.15769657
            },
            "poseTypes": [
              "STAND"
            ]
          },
          {
            "offset": {
              "x": 0.013345428,
              "y": -1.732322,
              "z": -0.06867646
            },
            "poseTypes": [
              "WALK"
            ]
          },
          {
            "offset": {
              "x": 0.0,
              "y": -2.1942434,
              "z": 0.5235736
            },
            "poseTypes": [
              "HOVER"
            ]
          },
          {
            "offset": {
              "x": 0.0,
              "y": -2.1268878,
              "z": -0.2481366
            },
            "poseTypes": [
              "FLY"
            ]
          },
          {
            "offset": {
              "x": 0.0,
              "y": -1.8254058,
              "z": 0.15769657
            },
            "poseTypes": [
              "FLOAT"
            ]
          },
          {
            "offset": {
              "x": 0.013345428,
              "y": -1.732322,
              "z": -0.06867646
            },
            "poseTypes": [
              "SWIM"
            ]
          },
          {
            "offset": {
              "x": 0.0,
              "y": -1.8254058,
              "z": 0.15769657
            },
            "poseTypes": [
              "GLIDE"
            ]
          }
        ]
      },
      {
        "offset": {
          "x": 0.0,
          "y": 0.0,
          "z": 0.0
        },
        "poseOffsets": [
          {
            "offset": {
              "x": 0.0,
              "y": -1.6761794,
              "z": 1.0199684
            },
            "poseTypes": [
              "STAND"
            ]
          },
          {
            "offset": {
              "x": 0.044901088,
              "y": -1.7613883,
              "z": 0.8053606
            },
            "poseTypes": [
              "WALK"
            ]
          },
          {
            "offset": {
              "x": 0.0,
              "y": -1.5974064,
              "z": 1.1635473
            },
            "poseTypes": [
              "HOVER"
            ]
          },
          {
            "offset": {
              "x": 0.0,
              "y": -2.2107234,
              "z": 0.6229276
            },
            "poseTypes": [
              "FLY"
            ]
          },
          {
            "offset": {
              "x": 0.0,
              "y": -1.6761794,
              "z": 1.0199684
            },
            "poseTypes": [
              "FLOAT"
            ]
          },
          {
            "offset": {
              "x": 0.044901088,
              "y": -1.7613883,
              "z": 0.8053606
            },
            "poseTypes": [
              "SWIM"
            ]
          },
          {
            "offset": {
              "x": 0.0,
              "y": -1.6761794,
              "z": 1.0199684
            },
            "poseTypes": [
              "GLIDE"
            ]
          }
        ]
      }
    ]
  },
  "behaviour": {
    "herd": {
      "maxSize": "6",
      "toleratedLeaders": [
        {
          "pokemon": "tropius",
          "tier": 1
        },
        {
          "pokemon": "aurorus",
          "tier": 2
        }
      ]
    },
    "moving": {
      "fly": {
        "canFly": true
      },
      "walk": {
        "walkSpeed": 0.147
      },
      "swim": {
        "avoidsWater": true
      }
    },
    "resting": {
      "canSleep": true,
      "light": "0-4",
      "drowsyChance": 0.0333,
      "rouseChance": 0.0042
    },
    "combat": {
      "willDefendSelf": true,
      "willDefendOwner": true,
      "willFlee": false
    }
  },
  "drops": {
    "amount": 2,
    "entries": [
      {
        "item": "cobblemon:nanab_berry",
        "quantityRange": "0-2"
      }
    ]
  },
  "moves": [
    "1:leer",
    "1:gust",
    "1:growth",
    "1:razorleaf",
    "1:leafstorm",
    "1:bestow",
    "6:sweetscent",
    "10:stomp",
    "16:magicalleaf",
    "21:whirlwind",
    "30:wideguard",
    "36:airslash",
    "41:bodyslam",
    "46:outrage",
    "50:synthesis",
    "56:solarbeam",
    "egg:curse",
    "egg:dragondance",
    "egg:dragonhammer",
    "egg:headbutt",
    "egg:leafblade",
    "egg:leechseed",
    "egg:naturalgift",
    "egg:razorwind",
    "egg:slam",
    "tm:aerialace",
    "tm:aircutter",
    "tm:airslash",
    "tm:bodypress",
    "tm:bodyslam",
    "tm:brutalswing",
    "tm:bulldoze",
    "tm:bulletseed",
    "tm:calmmind",
    "tm:curse",
    "tm:cut",
    "tm:defog",
    "tm:doubleedge",
    "tm:dragondance",
    "tm:dragonpulse",
    "tm:dragontail",
    "tm:dualwingbeat",
    "tm:earthquake",
    "tm:endure",
    "tm:energyball",
    "tm:facade",
    "tm:flash",
    "tm:fly",
    "tm:furycutter",
    "tm:gigadrain",
    "tm:gigaimpact",
    "tm:grassknot",
    "tm:grassyterrain",
    "tm:headbutt",
    "tm:helpinghand",
    "tm:hurricane",
    "tm:hyperbeam",
    "tm:leafblade",
    "tm:leafstorm",
    "tm:leaftornado",
    "tm:magicalleaf",
    "tm:naturalgift",
    "tm:naturepower",
    "tm:ominouswind",
    "tm:outrage",
    "tm:petalblizzard",
    "tm:protect",
    "tm:raindance",
    "tm:rest",
    "tm:roar",
    "tm:rocksmash",
    "tm:roost",
    "tm:safeguard",
    "tm:seedbomb",
    "tm:silverwind",
    "tm:sleeptalk",
    "tm:solarbeam",
    "tm:solarblade",
    "tm:spite",
    "tm:steelwing",
    "tm:stompingtantrum",
    "tm:strength",
    "tm:substitute",
    "tm:sunnyday",
    "tm:swordsdance",
    "tm:synthesis",
    "tm:tailwind",
    "tm:takedown",
    "tm:terablast",
    "tm:trailblaze",
    "tm:twister",
    "tm:uturn",
    "tm:worryseed",
    "tm:zenheadbutt",
    "tutor:aerialace",
    "tutor:aircutter",
    "tutor:bulldoze",
    "tutor:calmmind",
    "tutor:defog",
    "tutor:dragonpulse",
    "tutor:dualwingbeat",
    "tutor:energyball",
    "tutor:furycutter",
    "tutor:gigadrain",
    "tutor:gigaimpact",
    "tutor:helpinghand",
    "tutor:hyperbeam",
    "tutor:magicalleaf",
    "tutor:ominouswind",
    "tutor:outrage",
    "tutor:rest",
    "tutor:rocksmash",
    "tutor:roost",
    "tutor:seedbomb",
    "tutor:sleeptalk",
    "tutor:spite",
    "tutor:stompingtantrum",
    "tutor:synthesis",
    "tutor:tailwind",
    "tutor:twister",
    "tutor:worryseed",
    "tutor:zenheadbutt",
    "legacy:attract",
    "legacy:captivate",
    "legacy:confide",
    "legacy:doubleteam",
    "legacy:frustration",
    "legacy:hiddenpower",
    "legacy:mimic",
    "legacy:mudslap",
    "legacy:return",
    "legacy:round",
    "legacy:secretpower",
    "legacy:snore",
    "legacy:swagger",
    "legacy:toxic"
  ],
  "evolutions": [],
  "mountable": {
    "enabled": true,
    "driving": {
      "item": "cobblemon:saddle",
      "canDrift": true
    },
    "stats": {
      "stamina": 999999,
      "speed": 1.5,
      "jumpHeight": 1.0,
      "acceleration": 0.1
    }
  }
}