{
  "implemented": true,
  "nationalPokedexNumber": 437,
  "name": "Bronzong",
  "primaryType": "steel",
  "secondaryType": "psychic",
  "maleRatio": -1,
  "height": 13,
  "weight": 1870,
  "pokedex": [
    "cobblemon.species.bronzong.desc"
  ],
  "labels": [
    "gen4"
  ],
  "aspects": [],
  "abilities": [
    "levitate",
    "heatproof",
    "h:heavymetal"
  ],
  "eggGroups": [
    "mineral"
  ],
  "baseStats": {
    "hp": 67,
    "attack": 89,
    "defence": 116,
    "special_attack": 79,
    "special_defence": 116,
    "speed": 33
  },
  "evYield": {
    "hp": 0,
    "attack": 0,
    "defence": 1,
    "special_attack": 0,
    "special_defence": 1,
    "speed": 0
  },
  "baseExperienceYield": 175,
  "experienceGroup": "medium_fast",
  "catchRate": 90,
  "eggCycles": 20,
  "baseFriendship": 50,
  "baseScale": 0.65,
  "hitbox": {
    "height": 2.5,
    "fixed": false,
    "width": 1.35
  },
  "riding": {
    "behaviours": {
      "AIR": {
        "key": "cobblemon:air/hover",
        "rideSounds": [
          {
            "muffleEnabled": true,
            "pitchExpr": "math.max(1.0 ,0.2 + math.pow(math.min(q.ride_velocity() / 1.5, 1.0),2))",
            "playForNonPassengers": true,
            "soundLocation": "cobblemon:ride.loop.wind",
            "volumeExpr": "math.pow(math.min(q.ride_velocity() / 1.5, 1.0),2)"
          },
          {
            "muffleEnabled": true,
            "pitchExpr": "math.pow(math.min(math.max(0.5,(q.ride_velocity()*0.5 / 1.5) + 0.5), 1.0),2)",
            "playForNonPassengers": true,
            "soundLocation": "cobblemon:ride.loop.saucer",
            "volumeExpr": "math.pow(math.min(q.ride_velocity() / 1.5, 1.0),2)"
          }
        ],
        "stats": {
          "ACCELERATION": "35-65",
          "JUMP": "25-45",
          "SKILL": "20-40",
          "SPEED": "150",
          "STAMINA": "999999"
        }
      }
    },
    "seats": [
      {
        "offset": {
          "x": 0.0,
          "y": 0.0,
          "z": 0.0
        },
        "poseOffsets": [
          {
            "offset": {
              "x": 0.012940953,
              "y": -1.757385,
              "z": -0.42916256
            },
            "poseTypes": [
              "STAND"
            ]
          },
          {
            "offset": {
              "x": -0.06709197,
              "y": -1.5587537,
              "z": -0.7151059
            },
            "poseTypes": [
              "WALK"
            ]
          },
          {
            "offset": {
              "x": 0.012940953,
              "y": -1.757385,
              "z": -0.42916256
            },
            "poseTypes": [
              "HOVER"
            ]
          },
          {
            "offset": {
              "x": -0.06709197,
              "y": -1.5587537,
              "z": -0.7151059
            },
            "poseTypes": [
              "FLY"
            ]
          },
          {
            "offset": {
              "x": 0.012940953,
              "y": -1.757385,
              "z": -0.42916256
            },
            "poseTypes": [
              "FLOAT"
            ]
          },
          {
            "offset": {
              "x": -0.06709197,
              "y": -1.5587537,
              "z": -0.7151059
            },
            "poseTypes": [
              "SWIM"
            ]
          },
          {
            "offset": {
              "x": 0.012940953,
              "y": -1.757385,
              "z": -0.42916256
            },
            "poseTypes": [
              "GLIDE"
            ]
          }
        ]
      },
      {
        "offset": {
          "x": 0.0,
          "y": 0.0,
          "z": 0.0
        },
        "poseOffsets": [
          {
            "offset": {
              "x": 0.012940953,
              "y": -1.8497658,
              "z": 0.18897235
            },
            "poseTypes": [
              "STAND"
            ]
          },
          {
            "offset": {
              "x": -0.045339916,
              "y": -1.9100187,
              "z": -0.1986132
            },
            "poseTypes": [
              "WALK"
            ]
          },
          {
            "offset": {
              "x": 0.012940953,
              "y": -1.8497658,
              "z": 0.18897235
            },
            "poseTypes": [
              "HOVER"
            ]
          },
          {
            "offset": {
              "x": -0.045339916,
              "y": -1.9100187,
              "z": -0.1986132
            },
            "poseTypes": [
              "FLY"
            ]
          },
          {
            "offset": {
              "x": 0.012940953,
              "y": -1.8497658,
              "z": 0.18897235
            },
            "poseTypes": [
              "FLOAT"
            ]
          },
          {
            "offset": {
              "x": -0.045339916,
              "y": -1.9100187,
              "z": -0.1986132
            },
            "poseTypes": [
              "SWIM"
            ]
          },
          {
            "offset": {
              "x": 0.012940953,
              "y": -1.8497658,
              "z": 0.18897235
            },
            "poseTypes": [
              "GLIDE"
            ]
          }
        ]
      }
    ]
  },
  "behaviour": {
    "herd": {
      "maxSize": "3"
    },
    "moving": {
      "fly": {
        "canFly": true
      },
      "swim": {
        "avoidsWater": true
      },
      "walk": {
        "canWalk": false
      }
    },
    "resting": {
      "canSleep": true,
      "light": "0-14",
      "sleepChance": "0.0023",
      "times": [
        "any"
      ],
      "drowsyChance": 0.0014,
      "rouseChance": 0.0042
    },
    "combat": {
      "willDefendSelf": true,
      "willDefendOwner": true,
      "willFlee": false
    }
  },
  "drops": {
    "amount": 5,
    "entries": [
      {
        "item": "minecraft:raw_iron",
        "quantityRange": "0-2"
      },
      {
        "item": "cobblemon:mental_herb",
        "percentage": 5.0
      },
      {
        "item": "cobblemon:light_clay",
        "percentage": 5.0
      },
      {
        "item": "cobblemon:occa_berry",
        "percentage": 5.0
      }
    ]
  },
  "moves": [
    "1:sunnyday",
    "1:tackle",
    "1:confusion",
    "1:confuseray",
    "1:block",
    "1:feintattack",
    "1:payback",
    "1:healblock",
    "1:psywave",
    "1:weatherball",
    "12:imprison",
    "16:gyroball",
    "20:hypnosis",
    "24:safeguard",
    "28:extrasensory",
    "32:heavyslam",
    "38:irondefense",
    "44:metalsound",
    "50:futuresight",
    "56:raindance",
    "egg:feintattack",
    "egg:gravity",
    "egg:healblock",
    "egg:psywave",
    "egg:recycle",
    "tm:allyswitch",
    "tm:ancientpower",
    "tm:block",
    "tm:bodypress",
    "tm:bodyslam",
    "tm:bulldoze",
    "tm:calmmind",
    "tm:chargebeam",
    "tm:confuseray",
    "tm:dreameater",
    "tm:earthquake",
    "tm:endure",
    "tm:expandingforce",
    "tm:explosion",
    "tm:facade",
    "tm:flash",
    "tm:flashcannon",
    "tm:futuresight",
    "tm:gigaimpact",
    "tm:grassknot",
    "tm:gravity",
    "tm:guardswap",
    "tm:gyroball",
    "tm:hardpress",
    "tm:heavyslam",
    "tm:helpinghand",
    "tm:hex",
    "tm:hyperbeam",
    "tm:icespinner",
    "tm:imprison",
    "tm:irondefense",
    "tm:ironhead",
    "tm:lightscreen",
    "tm:metalsound",
    "tm:meteorbeam",
    "tm:nightshade",
    "tm:payback",
    "tm:powergem",
    "tm:powerswap",
    "tm:protect",
    "tm:psybeam",
    "tm:psychic",
    "tm:psychicnoise",
    "tm:psychicterrain",
    "tm:psychup",
    "tm:psyshock",
    "tm:raindance",
    "tm:recycle",
    "tm:reflect",
    "tm:rest",
    "tm:rockblast",
    "tm:rockpolish",
    "tm:rockslide",
    "tm:rocksmash",
    "tm:rocktomb",
    "tm:rollout",
    "tm:safeguard",
    "tm:sandstorm",
    "tm:shadowball",
    "tm:signalbeam",
    "tm:skillswap",
    "tm:sleeptalk",
    "tm:solarbeam",
    "tm:speedswap",
    "tm:stealthrock",
    "tm:steelbeam",
    "tm:steelroller",
    "tm:stompingtantrum",
    "tm:storedpower",
    "tm:strength",
    "tm:substitute",
    "tm:sunnyday",
    "tm:takedown",
    "tm:telekinesis",
    "tm:terablast",
    "tm:trick",
    "tm:trickroom",
    "tm:weatherball",
    "tm:wonderroom",
    "tm:zenheadbutt",
    "tutor:allyswitch",
    "tutor:ancientpower",
    "tutor:block",
    "tutor:bulldoze",
    "tutor:calmmind",
    "tutor:chargebeam",
    "tutor:expandingforce",
    "tutor:flashcannon",
    "tutor:gigaimpact",
    "tutor:gravity",
    "tutor:helpinghand",
    "tutor:hyperbeam",
    "tutor:irondefense",
    "tutor:ironhead",
    "tutor:meteorbeam",
    "tutor:psychic",
    "tutor:recycle",
    "tutor:rest",
    "tutor:rockslide",
    "tutor:rocksmash",
    "tutor:rollout",
    "tutor:shadowball",
    "tutor:signalbeam",
    "tutor:skillswap",
    "tutor:sleeptalk",
    "tutor:stealthrock",
    "tutor:steelbeam",
    "tutor:steelroller",
    "tutor:stompingtantrum",
    "tutor:telekinesis",
    "tutor:trick",
    "tutor:wonderroom",
    "tutor:zenheadbutt",
    "legacy:confide",
    "legacy:doubleteam",
    "legacy:frustration",
    "legacy:hiddenpower",
    "legacy:naturalgift",
    "legacy:return",
    "legacy:round",
    "legacy:secretpower",
    "legacy:snore",
    "legacy:swagger",
    "legacy:toxic"
  ],
  "preEvolution": "bronzor",
  "evolutions": [],
  "flyingEyeHeight": 0.25,
  "standingEyeHeight": 0.25,
  "mountable": {
    "enabled": true,
    "driving": {
      "item": "cobblemon:saddle",
      "canDrift": true
    },
    "stats": {
      "stamina": 999999,
      "speed": 1.5,
      "jumpHeight": 1.0,
      "acceleration": 0.1
    }
  }
}