{
  "implemented": true,
  "nationalPokedexNumber": 477,
  "name": "Dusknoir",
  "primaryType": "ghost",
  "maleRatio": 0.5,
  "height": 22,
  "weight": 1066,
  "pokedex": [
    "cobblemon.species.dusknoir.desc"
  ],
  "labels": [
    "gen4"
  ],
  "aspects": [],
  "abilities": [
    "pressure",
    "h:frisk"
  ],
  "eggGroups": [
    "amorphous"
  ],
  "baseStats": {
    "hp": 45,
    "attack": 100,
    "defence": 135,
    "special_attack": 65,
    "special_defence": 135,
    "speed": 45
  },
  "evYield": {
    "hp": 0,
    "attack": 0,
    "defence": 1,
    "special_attack": 0,
    "special_defence": 2,
    "speed": 0
  },
  "baseExperienceYield": 263,
  "experienceGroup": "fast",
  "catchRate": 45,
  "eggCycles": 25,
  "baseFriendship": 35,
  "baseScale": 1,
  "hitbox": {
    "height": 3.4,
    "fixed": false,
    "width": 1.8
  },
  "riding": {
    "behaviours": {
      "AIR": {
        "key": "cobblemon:air/hover",
        "rideSounds": [
          {
            "muffleEnabled": true,
            "pitchExpr": "math.max(1.0 ,0.2 + math.pow(math.min(q.ride_velocity() / 1.5, 1.0),2))",
            "playForNonPassengers": true,
            "soundLocation": "cobblemon:ride.loop.wind",
            "volumeExpr": "math.pow(math.min(q.ride_velocity() / 1.5, 1.0),2)"
          }
        ],
        "stats": {
          "ACCELERATION": "40-60",
          "JUMP": "50-80",
          "SKILL": "60-70",
          "SPEED": "150",
          "STAMINA": "999999"
        }
      }
    },
    "seats": [
      {
        "offset": {
          "x": 0.0,
          "y": 0.0,
          "z": 0.0
        },
        "poseOffsets": [
          {
            "offset": {
              "x": 0.0,
              "y": -2.800053,
              "z": 0.15268813
            },
            "poseTypes": [
              "STAND"
            ]
          },
          {
            "offset": {
              "x": 0.041538313,
              "y": -3.0530646,
              "z": -0.3417098
            },
            "poseTypes": [
              "WALK"
            ]
          },
          {
            "offset": {
              "x": 0.0,
              "y": -2.800053,
              "z": 0.15268813
            },
            "poseTypes": [
              "HOVER"
            ]
          },
          {
            "offset": {
              "x": 0.041538313,
              "y": -3.0530646,
              "z": -0.3417098
            },
            "poseTypes": [
              "FLY"
            ]
          },
          {
            "offset": {
              "x": 0.0,
              "y": -2.8875523,
              "z": -0.09665136
            },
            "poseTypes": [
              "FLOAT"
            ]
          },
          {
            "offset": {
              "x": 0.0,
              "y": -2.8875523,
              "z": -0.09665136
            },
            "poseTypes": [
              "SWIM"
            ]
          },
          {
            "offset": {
              "x": 0.0,
              "y": -2.8875523,
              "z": -0.09665136
            },
            "poseTypes": [
              "GLIDE"
            ]
          }
        ]
      }
    ]
  },
  "behaviour": {
    "herd": {
      "maxSize": "4"
    },
    "moving": {
      "fly": {
        "canFly": true
      },
      "swim": {
        "avoidsWater": true
      },
      "walk": {
        "canWalk": false
      }
    },
    "resting": {
      "canSleep": true,
      "light": "0-4",
      "times": [
        "day"
      ],
      "drowsyChance": 0.0033,
      "rouseChance": 0.0042
    },
    "combat": {
      "willDefendSelf": true,
      "willDefendOwner": true,
      "willFlee": false
    }
  },
  "drops": {
    "amount": 3,
    "entries": [
      {
        "item": "minecraft:phantom_membrane",
        "percentage": 10.0
      },
      {
        "item": "cobblemon:reaper_cloth",
        "percentage": 10.0
      },
      {
        "item": "cobblemon:kasib_berry",
        "percentage": 10.0
      }
    ]
  },
  "moves": [
    "1:firepunch",
    "1:icepunch",
    "1:thunderpunch",
    "1:gravity",
    "1:bind",
    "1:leer",
    "1:disable",
    "1:foresight",
    "1:astonish",
    "1:shadowsneak",
    "1:pursuit",
    "1:shadowpunch",
    "12:confuseray",
    "16:nightshade",
    "20:payback",
    "24:willowisp",
    "28:meanlook",
    "32:hex",
    "36:curse",
    "42:shadowball",
    "48:futuresight",
    "54:destinybond",
    "egg:destinybond",
    "egg:feintattack",
    "egg:grudge",
    "egg:haze",
    "egg:memento",
    "egg:painsplit",
    "egg:pursuit",
    "tm:allyswitch",
    "tm:bind",
    "tm:blizzard",
    "tm:bodyslam",
    "tm:brickbreak",
    "tm:calmmind",
    "tm:chargebeam",
    "tm:confuseray",
    "tm:curse",
    "tm:darkestlariat",
    "tm:darkpulse",
    "tm:dreameater",
    "tm:earthquake",
    "tm:embargo",
    "tm:endure",
    "tm:facade",
    "tm:firepunch",
    "tm:flash",
    "tm:fling",
    "tm:focusblast",
    "tm:focuspunch",
    "tm:futuresight",
    "tm:gigaimpact",
    "tm:gravity",
    "tm:hardpress",
    "tm:haze",
    "tm:headbutt",
    "tm:helpinghand",
    "tm:hex",
    "tm:hyperbeam",
    "tm:icebeam",
    "tm:icepunch",
    "tm:icywind",
    "tm:imprison",
    "tm:infestation",
    "tm:laserfocus",
    "tm:leechlife",
    "tm:megakick",
    "tm:megapunch",
    "tm:metronome",
    "tm:nightshade",
    "tm:ominouswind",
    "tm:painsplit",
    "tm:payback",
    "tm:phantomforce",
    "tm:poltergeist",
    "tm:powershift",
    "tm:poweruppunch",
    "tm:protect",
    "tm:psychic",
    "tm:psychup",
    "tm:raindance",
    "tm:rest",
    "tm:revenge",
    "tm:rockslide",
    "tm:rocksmash",
    "tm:rocktomb",
    "tm:shadowball",
    "tm:skillswap",
    "tm:skittersmack",
    "tm:sleeptalk",
    "tm:snatch",
    "tm:spite",
    "tm:strength",
    "tm:substitute",
    "tm:suckerpunch",
    "tm:sunnyday",
    "tm:swift",
    "tm:taunt",
    "tm:telekinesis",
    "tm:terablast",
    "tm:thief",
    "tm:thunderpunch",
    "tm:torment",
    "tm:trick",
    "tm:trickroom",
    "tm:willowisp",
    "tm:wonderroom",
    "tutor:allyswitch",
    "tutor:bind",
    "tutor:calmmind",
    "tutor:chargebeam",
    "tutor:darkpulse",
    "tutor:firepunch",
    "tutor:focuspunch",
    "tutor:gigaimpact",
    "tutor:gravity",
    "tutor:helpinghand",
    "tutor:hyperbeam",
    "tutor:icebeam",
    "tutor:icepunch",
    "tutor:icywind",
    "tutor:laserfocus",
    "tutor:leechlife",
    "tutor:ominouswind",
    "tutor:painsplit",
    "tutor:poltergeist",
    "tutor:powershift",
    "tutor:psychic",
    "tutor:rest",
    "tutor:rocksmash",
    "tutor:shadowball",
    "tutor:skillswap",
    "tutor:skittersmack",
    "tutor:sleeptalk",
    "tutor:snatch",
    "tutor:spite",
    "tutor:suckerpunch",
    "tutor:swift",
    "tutor:telekinesis",
    "tutor:thunderpunch",
    "tutor:trick",
    "tutor:wonderroom",
    "legacy:attract",
    "legacy:bulldoze",
    "legacy:captivate",
    "legacy:confide",
    "legacy:counter",
    "legacy:doubleedge",
    "legacy:doubleteam",
    "legacy:dynamicpunch",
    "legacy:frustration",
    "legacy:hiddenpower",
    "legacy:mimic",
    "legacy:mudslap",
    "legacy:naturalgift",
    "legacy:nightmare",
    "legacy:return",
    "legacy:round",
    "legacy:secretpower",
    "legacy:seismictoss",
    "legacy:snore",
    "legacy:swagger",
    "legacy:toxic"
  ],
  "preEvolution": "dusclops",
  "evolutions": [],
  "mountable": {
    "enabled": true,
    "driving": {
      "item": "cobblemon:saddle",
      "canDrift": true
    },
    "stats": {
      "stamina": 999999,
      "speed": 1.5,
      "jumpHeight": 1.0,
      "acceleration": 0.1
    }
  }
}