{
  "implemented": true,
  "nationalPokedexNumber": 398,
  "name": "Staraptor",
  "primaryType": "normal",
  "secondaryType": "flying",
  "maleRatio": 0.5,
  "height": 12,
  "weight": 249,
  "pokedex": [
    "cobblemon.species.staraptor.desc"
  ],
  "labels": [
    "gen4"
  ],
  "aspects": [],
  "abilities": [
    "intimidate",
    "h:reckless"
  ],
  "eggGroups": [
    "flying"
  ],
  "baseStats": {
    "hp": 85,
    "attack": 120,
    "defence": 70,
    "special_attack": 50,
    "special_defence": 60,
    "speed": 100
  },
  "evYield": {
    "hp": 0,
    "attack": 3,
    "defence": 0,
    "special_attack": 0,
    "special_defence": 0,
    "speed": 0
  },
  "baseExperienceYield": 243,
  "experienceGroup": "medium_slow",
  "catchRate": 45,
  "eggCycles": 15,
  "baseFriendship": 50,
  "baseScale": 0.95,
  "hitbox": {
    "height": 1,
    "fixed": false,
    "width": 1
  },
  "riding": {
    "behaviours": {
      "AIR": {
        "key": "cobblemon:air/bird",
        "rideSounds": [
          {
            "muffleEnabled": true,
            "pitchExpr": "math.max(1.0 ,0.2 + math.pow(math.min(q.ride_velocity() / 1.5, 1.0),2))",
            "playForNonPassengers": true,
            "soundLocation": "cobblemon:ride.loop.wind",
            "volumeExpr": "math.pow(math.min(q.ride_velocity() / 1.5, 1.0),2)"
          },
          {
            "muffleEnabled": true,
            "pitchExpr": "math.max(1.0 ,0.2 + math.pow(math.min(q.ride_velocity() / 1.5, 1.0),2))",
            "playForNonPassengers": true,
            "soundLocation": "cobblemon:ride.loop.plumage",
            "volumeExpr": "math.pow(math.min(q.ride_velocity() / 1.5, 1.0),2)"
          }
        ],
        "stats": {
          "ACCELERATION": "45-70",
          "JUMP": "45-65",
          "SKILL": "25-45",
          "SPEED": "150",
          "STAMINA": "999999"
        }
      },
      "LAND": {
        "key": "cobblemon:land/horse",
        "rideSounds": [],
        "canJump": false,
        "canSprint": false,
        "stats": {
          "ACCELERATION": "10-40",
          "JUMP": "10-40",
          "SKILL": "80-100",
          "SPEED": "150",
          "STAMINA": "999999"
        }
      }
    },
    "seats": [
      {
        "offset": {
          "x": 0.0,
          "y": 0.0,
          "z": 0.0
        },
        "poseOffsets": [
          {
            "offset": {
              "x": 0.0009571392,
              "y": -1.234365,
              "z": 0.35967734
            },
            "poseTypes": [
              "STAND"
            ]
          },
          {
            "offset": {
              "x": 0.007911977,
              "y": -1.2373239,
              "z": 0.2598092
            },
            "poseTypes": [
              "WALK"
            ]
          },
          {
            "offset": {
              "x": 0.0,
              "y": -0.8240394,
              "z": 0.35912716
            },
            "poseTypes": [
              "HOVER"
            ]
          },
          {
            "offset": {
              "x": 0.0,
              "y": -1.0298951,
              "z": 0.2007187
            },
            "poseTypes": [
              "FLY"
            ]
          },
          {
            "offset": {
              "x": 0.0009571392,
              "y": -1.234365,
              "z": 0.35967734
            },
            "poseTypes": [
              "FLOAT"
            ]
          },
          {
            "offset": {
              "x": 0.007911977,
              "y": -1.2373239,
              "z": 0.2598092
            },
            "poseTypes": [
              "SWIM"
            ]
          },
          {
            "offset": {
              "x": 0.0009571392,
              "y": -1.234365,
              "z": 0.35967734
            },
            "poseTypes": [
              "GLIDE"
            ]
          }
        ]
      }
    ]
  },
  "behaviour": {
    "herd": {
      "maxSize": "9"
    },
    "moving": {
      "walk": {
        "walkSpeed": 0.2
      },
      "fly": {
        "canFly": true
      },
      "swim": {
        "avoidsWater": true
      }
    },
    "combat": {
      "willDefendSelf": true,
      "willDefendOwner": true,
      "willFlee": false
    },
    "resting": {
      "drowsyChance": 0.0333,
      "rouseChance": 0.0042
    }
  },
  "drops": {
    "amount": 6,
    "entries": [
      {
        "item": "minecraft:feather",
        "quantityRange": "0-3"
      },
      {
        "item": "minecraft:chicken"
      },
      {
        "item": "cobblemon:sharp_beak",
        "percentage": 5.0
      },
      {
        "item": "cobblemon:yache_berry",
        "percentage": 10.0
      }
    ]
  },
  "moves": [
    "1:tackle",
    "1:growl",
    "1:quickattack",
    "1:wingattack",
    "1:closecombat",
    "13:doubleteam",
    "18:endeavor",
    "23:whirlwind",
    "28:aerialace",
    "33:takedown",
    "41:agility",
    "49:bravebird",
    "57:finalgambit",
    "egg:astonish",
    "egg:detect",
    "egg:doubleedge",
    "egg:featherdance",
    "egg:foresight",
    "egg:furyattack",
    "egg:mirrormove",
    "egg:pursuit",
    "egg:sandattack",
    "egg:uproar",
    "tm:acrobatics",
    "tm:aerialace",
    "tm:agility",
    "tm:aircutter",
    "tm:airslash",
    "tm:bravebird",
    "tm:closecombat",
    "tm:defog",
    "tm:doubleedge",
    "tm:doubleteam",
    "tm:dualwingbeat",
    "tm:echoedvoice",
    "tm:endeavor",
    "tm:endure",
    "tm:facade",
    "tm:featherdance",
    "tm:fly",
    "tm:gigaimpact",
    "tm:heatwave",
    "tm:helpinghand",
    "tm:hurricane",
    "tm:hyperbeam",
    "tm:laserfocus",
    "tm:ominouswind",
    "tm:pluck",
    "tm:protect",
    "tm:raindance",
    "tm:rest",
    "tm:retaliate",
    "tm:revenge",
    "tm:roost",
    "tm:skyattack",
    "tm:sleeptalk",
    "tm:steelwing",
    "tm:strugglebug",
    "tm:substitute",
    "tm:sunnyday",
    "tm:swift",
    "tm:tailwind",
    "tm:takedown",
    "tm:terablast",
    "tm:thief",
    "tm:twister",
    "tm:uproar",
    "tm:uturn",
    "tm:workup",
    "tutor:aerialace",
    "tutor:aircutter",
    "tutor:defog",
    "tutor:dualwingbeat",
    "tutor:endeavor",
    "tutor:gigaimpact",
    "tutor:heatwave",
    "tutor:helpinghand",
    "tutor:hyperbeam",
    "tutor:laserfocus",
    "tutor:ominouswind",
    "tutor:rest",
    "tutor:roost",
    "tutor:skyattack",
    "tutor:sleeptalk",
    "tutor:swift",
    "tutor:tailwind",
    "tutor:twister",
    "tutor:uproar",
    "legacy:attract",
    "legacy:captivate",
    "legacy:confide",
    "legacy:frustration",
    "legacy:hiddenpower",
    "legacy:mudslap",
    "legacy:naturalgift",
    "legacy:return",
    "legacy:round",
    "legacy:secretpower",
    "legacy:snore",
    "legacy:swagger",
    "legacy:toxic"
  ],
  "preEvolution": "staravia",
  "evolutions": [],
  "mountable": {
    "enabled": true,
    "driving": {
      "item": "cobblemon:saddle",
      "canDrift": true
    },
    "stats": {
      "stamina": 999999,
      "speed": 1.5,
      "jumpHeight": 1.0,
      "acceleration": 0.1
    }
  }
}