{
  "implemented": true,
  "nationalPokedexNumber": 941,
  "name": "Kilowattrel",
  "primaryType": "electric",
  "secondaryType": "flying",
  "maleRatio": 0.5,
  "height": 14,
  "weight": 386,
  "pokedex": [
    "cobblemon.species.kilowattrel.desc"
  ],
  "labels": [
    "gen9"
  ],
  "aspects": [],
  "abilities": [
    "windpower",
    "voltabsorb",
    "h:competitive"
  ],
  "eggGroups": [
    "water_1",
    "flying"
  ],
  "baseStats": {
    "hp": 70,
    "attack": 70,
    "defence": 60,
    "special_attack": 105,
    "special_defence": 60,
    "speed": 125
  },
  "evYield": {
    "hp": 0,
    "attack": 0,
    "defence": 0,
    "special_attack": 0,
    "special_defence": 0,
    "speed": 2
  },
  "baseExperienceYield": 172,
  "experienceGroup": "medium_slow",
  "catchRate": 90,
  "eggCycles": 20,
  "baseFriendship": 50,
  "baseScale": 1.1,
  "hitbox": {
    "height": 1.72,
    "fixed": false,
    "width": 1
  },
  "riding": {
    "behaviours": {
      "AIR": {
        "key": "cobblemon:air/bird",
        "rideSounds": [
          {
            "muffleEnabled": true,
            "pitchExpr": "math.max(1.0 ,0.2 + math.pow(math.min(q.ride_velocity() / 1.5, 1.0),2))",
            "playForNonPassengers": true,
            "soundLocation": "cobblemon:ride.loop.wind",
            "volumeExpr": "math.pow(math.min(q.ride_velocity() / 1.5, 1.0),2)"
          },
          {
            "muffleEnabled": true,
            "pitchExpr": "math.max(1.0 ,0.2 + math.pow(math.min(q.ride_velocity() / 1.5, 1.0),2))",
            "playForNonPassengers": true,
            "soundLocation": "cobblemon:ride.loop.plumage",
            "volumeExpr": "math.pow(math.min(q.ride_velocity() / 1.5, 1.0),2)"
          }
        ],
        "stats": {
          "ACCELERATION": "35-50",
          "JUMP": "50-65",
          "SKILL": "45-60",
          "SPEED": "150",
          "STAMINA": "999999"
        }
      },
      "LAND": {
        "key": "cobblemon:land/horse",
        "rideSounds": [],
        "canJump": false,
        "canSprint": false,
        "stats": {
          "ACCELERATION": "10-40",
          "JUMP": "10-40",
          "SKILL": "80-100",
          "SPEED": "150",
          "STAMINA": "999999"
        }
      }
    },
    "seats": [
      {
        "offset": {
          "x": 0.0,
          "y": 0.0,
          "z": 0.0
        },
        "poseOffsets": [
          {
            "offset": {
              "x": 0.0,
              "y": -0.8770844,
              "z": 0.23652759
            },
            "poseTypes": [
              "STAND"
            ]
          },
          {
            "offset": {
              "x": -0.032382384,
              "y": -0.94650245,
              "z": 0.16573122
            },
            "poseTypes": [
              "WALK"
            ]
          },
          {
            "offset": {
              "x": 0.0,
              "y": -1.1626692,
              "z": 0.20002791
            },
            "poseTypes": [
              "HOVER"
            ]
          },
          {
            "offset": {
              "x": 0.0,
              "y": -1.1297169,
              "z": 0.10050854
            },
            "poseTypes": [
              "FLY"
            ]
          },
          {
            "offset": {
              "x": 0.0,
              "y": -0.8770844,
              "z": 0.23652759
            },
            "poseTypes": [
              "FLOAT"
            ]
          },
          {
            "offset": {
              "x": -0.032382384,
              "y": -0.94650245,
              "z": 0.16573122
            },
            "poseTypes": [
              "SWIM"
            ]
          },
          {
            "offset": {
              "x": 0.0,
              "y": -0.8770844,
              "z": 0.23652759
            },
            "poseTypes": [
              "GLIDE"
            ]
          }
        ]
      }
    ]
  },
  "behaviour": {
    "herd": {
      "maxSize": "9",
      "toleratedLeaders": [
        {
          "pokemon": "pelipper",
          "tier": 1
        },
        {
          "pokemon": "kilowattrel",
          "tier": 2
        }
      ]
    },
    "moving": {
      "fly": {
        "canFly": true
      },
      "swim": {
        "swimSpeed": "0.2",
        "canWalkOnWater": true
      },
      "walk": {
        "walkSpeed": 0.21
      }
    },
    "resting": {
      "canSleep": true,
      "light": "0-4",
      "drowsyChance": 0.0333,
      "rouseChance": 0.0042
    },
    "combat": {
      "willDefendOwner": true
    }
  },
  "drops": {
    "amount": 5,
    "entries": [
      {
        "item": "minecraft:feather",
        "quantityRange": "0-2"
      },
      {
        "item": "minecraft:chicken"
      },
      {
        "item": "cobblemon:sharp_beak",
        "percentage": 2.5
      },
      {
        "item": "cobblemon:razz_berry",
        "percentage": 5.0
      }
    ]
  },
  "moves": [
    "1:electroball",
    "1:growl",
    "1:peck",
    "4:thundershock",
    "7:quickattack",
    "11:pluck",
    "15:spark",
    "19:uproar",
    "24:roost",
    "30:dualwingbeat",
    "36:agility",
    "43:voltswitch",
    "48:discharge",
    "55:hurricane",
    "egg:endeavor",
    "egg:featherdance",
    "egg:spitup",
    "egg:stockpile",
    "egg:swallow",
    "egg:weatherball",
    "tm:acrobatics",
    "tm:aerialace",
    "tm:agility",
    "tm:aircutter",
    "tm:airslash",
    "tm:bravebird",
    "tm:charge",
    "tm:chargebeam",
    "tm:dualwingbeat",
    "tm:eerieimpulse",
    "tm:electricterrain",
    "tm:electroball",
    "tm:electroweb",
    "tm:endeavor",
    "tm:endure",
    "tm:facade",
    "tm:featherdance",
    "tm:fly",
    "tm:gigaimpact",
    "tm:hurricane",
    "tm:hyperbeam",
    "tm:pluck",
    "tm:protect",
    "tm:rest",
    "tm:roost",
    "tm:scaryface",
    "tm:sleeptalk",
    "tm:substitute",
    "tm:supercellslam",
    "tm:swift",
    "tm:tailwind",
    "tm:takedown",
    "tm:terablast",
    "tm:thunder",
    "tm:thunderbolt",
    "tm:thunderwave",
    "tm:uproar",
    "tm:uturn",
    "tm:voltswitch",
    "tm:weatherball",
    "tm:wildcharge",
    "tutor:aerialace",
    "tutor:aircutter",
    "tutor:chargebeam",
    "tutor:dualwingbeat",
    "tutor:electroweb",
    "tutor:endeavor",
    "tutor:gigaimpact",
    "tutor:hyperbeam",
    "tutor:rest",
    "tutor:roost",
    "tutor:sleeptalk",
    "tutor:swift",
    "tutor:tailwind",
    "tutor:thunderbolt",
    "tutor:uproar",
    "tutor:wildcharge"
  ],
  "preEvolution": "wattrel",
  "evolutions": [],
  "mountable": {
    "enabled": true,
    "driving": {
      "item": "cobblemon:saddle",
      "canDrift": true
    },
    "stats": {
      "stamina": 999999,
      "speed": 1.5,
      "jumpHeight": 1.0,
      "acceleration": 0.1
    }
  }
}