{
  "implemented": true,
  "nationalPokedexNumber": 628,
  "name": "Braviary",
  "primaryType": "normal",
  "secondaryType": "flying",
  "maleRatio": 1,
  "height": 15,
  "weight": 410,
  "pokedex": [
    "cobblemon.species.braviary.desc"
  ],
  "labels": [
    "gen5",
    "unovan_form"
  ],
  "aspects": [],
  "abilities": [
    "keeneye",
    "sheerforce",
    "h:defiant"
  ],
  "eggGroups": [
    "flying"
  ],
  "baseStats": {
    "hp": 100,
    "attack": 123,
    "defence": 75,
    "special_attack": 57,
    "special_defence": 75,
    "speed": 80
  },
  "evYield": {
    "hp": 0,
    "attack": 2,
    "defence": 0,
    "special_attack": 0,
    "special_defence": 0,
    "speed": 0
  },
  "baseExperienceYield": 179,
  "experienceGroup": "slow",
  "catchRate": 60,
  "eggCycles": 20,
  "baseFriendship": 50,
  "baseScale": 0.8,
  "hitbox": {
    "height": 2.25,
    "fixed": false,
    "width": 1.2
  },
  "riding": {
    "behaviours": {
      "AIR": {
        "key": "cobblemon:air/bird",
        "rideSounds": [
          {
            "muffleEnabled": true,
            "pitchExpr": "math.max(1.0 ,0.2 + math.pow(math.min(q.ride_velocity() / 1.5, 1.0),2))",
            "playForNonPassengers": true,
            "soundLocation": "cobblemon:ride.loop.plumage",
            "volumeExpr": "math.pow(math.min(q.ride_velocity() / 1.5, 1.0),2)"
          }
        ],
        "stats": {
          "ACCELERATION": "35-55",
          "JUMP": "35-55",
          "SKILL": "30-50",
          "SPEED": "150",
          "STAMINA": "999999"
        }
      },
      "LAND": {
        "key": "cobblemon:land/horse",
        "rideSounds": [],
        "canJump": false,
        "canSprint": false,
        "stats": {
          "ACCELERATION": "90-100",
          "JUMP": "10-20",
          "SKILL": "15-30",
          "SPEED": "150",
          "STAMINA": "999999"
        }
      }
    },
    "seats": [
      {
        "offset": {
          "x": 0.0,
          "y": 0.0,
          "z": 0.0
        },
        "poseOffsets": [
          {
            "offset": {
              "x": 0.0,
              "y": -1.5777322,
              "z": 0.15812479
            },
            "poseTypes": [
              "STAND"
            ]
          },
          {
            "offset": {
              "x": -0.04889254,
              "y": -1.5767877,
              "z": -0.13674115
            },
            "poseTypes": [
              "WALK"
            ]
          },
          {
            "offset": {
              "x": -0.0625,
              "y": -1.5497842,
              "z": 0.13161922
            },
            "poseTypes": [
              "HOVER"
            ]
          },
          {
            "offset": {
              "x": 0.011746965,
              "y": -1.4447626,
              "z": -0.10794052
            },
            "poseTypes": [
              "FLY"
            ]
          },
          {
            "offset": {
              "x": 0.0,
              "y": -1.5777322,
              "z": 0.15812479
            },
            "poseTypes": [
              "FLOAT"
            ]
          },
          {
            "offset": {
              "x": -0.04889254,
              "y": -1.5767877,
              "z": -0.13674115
            },
            "poseTypes": [
              "SWIM"
            ]
          },
          {
            "offset": {
              "x": 0.0,
              "y": -1.5777322,
              "z": 0.15812479
            },
            "poseTypes": [
              "GLIDE"
            ]
          }
        ]
      }
    ]
  },
  "behaviour": {
    "herd": {
      "maxSize": "9",
      "toleratedLeaders": [
        {
          "pokemon": "braviary",
          "tier": 1
        }
      ]
    },
    "moving": {
      "fly": {
        "canFly": true
      },
      "walk": {
        "walkSpeed": 0.2
      },
      "swim": {
        "avoidsWater": true
      }
    },
    "resting": {
      "canSleep": true,
      "light": "0-4",
      "drowsyChance": 0.0333,
      "rouseChance": 0.0042
    },
    "combat": {
      "willDefendSelf": true,
      "willDefendOwner": true,
      "willFlee": false
    }
  },
  "drops": {
    "amount": 5,
    "entries": [
      {
        "item": "minecraft:feather",
        "quantityRange": "0-2"
      },
      {
        "item": "minecraft:chicken"
      },
      {
        "item": "cobblemon:sharp_beak",
        "percentage": 2.5
      },
      {
        "item": "cobblemon:razz_berry",
        "percentage": 5.0
      }
    ]
  },
  "moves": [
    "1:peck",
    "1:leer",
    "1:furyattack",
    "1:wingattack",
    "1:honeclaws",
    "1:superpower",
    "1:skyattack",
    "18:tailwind",
    "24:scaryface",
    "30:aerialace",
    "36:slash",
    "42:whirlwind",
    "48:crushclaw",
    "57:airslash",
    "64:defog",
    "72:thrash",
    "egg:rocksmash",
    "egg:roost",
    "tm:acrobatics",
    "tm:aerialace",
    "tm:agility",
    "tm:aircutter",
    "tm:airslash",
    "tm:assurance",
    "tm:bodyslam",
    "tm:bravebird",
    "tm:bulkup",
    "tm:closecombat",
    "tm:cut",
    "tm:defog",
    "tm:doubleedge",
    "tm:dualwingbeat",
    "tm:endure",
    "tm:facade",
    "tm:featherdance",
    "tm:fly",
    "tm:gigaimpact",
    "tm:heatwave",
    "tm:helpinghand",
    "tm:honeclaws",
    "tm:hurricane",
    "tm:hyperbeam",
    "tm:ironhead",
    "tm:laserfocus",
    "tm:metalclaw",
    "tm:pluck",
    "tm:protect",
    "tm:raindance",
    "tm:rest",
    "tm:retaliate",
    "tm:reversal",
    "tm:rockslide",
    "tm:rocksmash",
    "tm:rocktomb",
    "tm:roost",
    "tm:scaryface",
    "tm:shadowclaw",
    "tm:skyattack",
    "tm:skydrop",
    "tm:sleeptalk",
    "tm:steelwing",
    "tm:strength",
    "tm:substitute",
    "tm:sunnyday",
    "tm:superpower",
    "tm:swift",
    "tm:tailwind",
    "tm:takedown",
    "tm:terablast",
    "tm:uturn",
    "tm:workup",
    "tm:zenheadbutt",
    "tutor:aerialace",
    "tutor:aircutter",
    "tutor:bulkup",
    "tutor:defog",
    "tutor:dualwingbeat",
    "tutor:gigaimpact",
    "tutor:heatwave",
    "tutor:helpinghand",
    "tutor:hyperbeam",
    "tutor:ironhead",
    "tutor:laserfocus",
    "tutor:rest",
    "tutor:rockslide",
    "tutor:rocksmash",
    "tutor:roost",
    "tutor:shadowclaw",
    "tutor:skyattack",
    "tutor:sleeptalk",
    "tutor:superpower",
    "tutor:swift",
    "tutor:tailwind",
    "tutor:zenheadbutt",
    "legacy:attract",
    "legacy:confide",
    "legacy:doubleteam",
    "legacy:frustration",
    "legacy:hiddenpower",
    "legacy:return",
    "legacy:round",
    "legacy:secretpower",
    "legacy:snore",
    "legacy:swagger",
    "legacy:toxic"
  ],
  "preEvolution": "rufflet",
  "evolutions": [],
  "forms": [
    {
      "name": "Hisui",
      "primaryType": "psychic",
      "secondaryType": "flying",
      "maleRatio": 1,
      "height": 17,
      "weight": 434,
      "pokedex": [
        "cobblemon.species.braviary-hisui.desc"
      ],
      "labels": [
        "gen8a",
        "hisuian_form"
      ],
      "aspects": [
        "hisuian"
      ],
      "abilities": [
        "keeneye",
        "sheerforce",
        "h:tintedlens"
      ],
      "baseStats": {
        "hp": 110,
        "attack": 83,
        "defence": 70,
        "special_attack": 112,
        "special_defence": 70,
        "speed": 65
      },
      "evYield": {
        "hp": 0,
        "attack": 0,
        "defence": 0,
        "special_attack": 2,
        "special_defence": 0,
        "speed": 0
      },
      "riding": {
        "behaviours": {
          "AIR": {
            "key": "cobblemon:air/bird",
            "rideSounds": [
              {
                "muffleEnabled": true,
                "pitchExpr": "math.max(1.0 ,0.2 + math.pow(math.min(q.ride_velocity() / 1.5, 1.0),2))",
                "playForNonPassengers": true,
                "soundLocation": "cobblemon:ride.loop.wind",
                "volumeExpr": "math.pow(math.min(q.ride_velocity() / 1.5, 1.0),2)"
              },
              {
                "muffleEnabled": true,
                "pitchExpr": "math.max(1.0 ,0.2 + math.pow(math.min(q.ride_velocity() / 1.5, 1.0),2))",
                "playForNonPassengers": true,
                "soundLocation": "cobblemon:ride.loop.plumage",
                "volumeExpr": "math.pow(math.min(q.ride_velocity() / 1.5, 1.0),2)"
              }
            ],
            "stats": {
              "ACCELERATION": "30-50",
              "JUMP": "40-60",
              "SKILL": "30-50",
              "SPEED": "40-65",
              "STAMINA": "50-80"
            }
          },
          "LAND": {
            "key": "cobblemon:land/horse",
            "rideSounds": [],
            "canJump": false,
            "canSprint": false,
            "stats": {
              "ACCELERATION": "10-40",
              "JUMP": "10-40",
              "SKILL": "80-100",
              "SPEED": "10-40",
              "STAMINA": "10-40"
            }
          }
        },
        "seats": [
          {
            "offset": {
              "x": 0.0,
              "y": 0.0,
              "z": 0.0
            },
            "poseOffsets": [
              {
                "offset": {
                  "x": 0.0,
                  "y": -1.5777322,
                  "z": 0.15812479
                },
                "poseTypes": [
                  "STAND"
                ]
              },
              {
                "offset": {
                  "x": -0.04889254,
                  "y": -1.5767877,
                  "z": -0.13674115
                },
                "poseTypes": [
                  "WALK"
                ]
              },
              {
                "offset": {
                  "x": -0.0625,
                  "y": -1.5497842,
                  "z": 0.13161922
                },
                "poseTypes": [
                  "HOVER"
                ]
              },
              {
                "offset": {
                  "x": 0.011746965,
                  "y": -1.4447626,
                  "z": -0.10794052
                },
                "poseTypes": [
                  "FLY"
                ]
              },
              {
                "offset": {
                  "x": 0.0,
                  "y": -1.5777322,
                  "z": 0.15812479
                },
                "poseTypes": [
                  "FLOAT"
                ]
              },
              {
                "offset": {
                  "x": -0.04889254,
                  "y": -1.5767877,
                  "z": -0.13674115
                },
                "poseTypes": [
                  "SWIM"
                ]
              },
              {
                "offset": {
                  "x": 0.0,
                  "y": -1.5777322,
                  "z": 0.15812479
                },
                "poseTypes": [
                  "GLIDE"
                ]
              }
            ]
          }
        ]
      },
      "behaviour": {
        "herd": {
          "maxSize": "9",
          "toleratedLeaders": [
            {
              "pokemon": "braviary",
              "tier": 1
            }
          ]
        },
        "moving": {
          "swim": {
            "avoidsWater": true
          },
          "fly": {
            "canFly": true
          }
        },
        "combat": {
          "willDefendSelf": true,
          "willDefendOwner": true,
          "willFlee": false
        },
        "resting": {
          "drowsyChance": 0.0333,
          "rouseChance": 0.0042
        }
      },
      "drops": {
        "amount": 5,
        "entries": [
          {
            "item": "minecraft:feather",
            "quantityRange": "0-2"
          },
          {
            "item": "minecraft:chicken"
          },
          {
            "item": "cobblemon:sharp_beak",
            "percentage": 2.5
          },
          {
            "item": "cobblemon:wepear_berry",
            "percentage": 5.0
          }
        ]
      },
      "moves": [
        "1:esperwing",
        "1:honeclaws",
        "1:skyattack",
        "1:peck",
        "1:superpower",
        "1:leer",
        "1:wingattack",
        "1:furyattack",
        "18:tailwind",
        "24:scaryface",
        "30:aerialace",
        "36:slash",
        "42:whirlwind",
        "48:crushclaw",
        "57:airslash",
        "64:defog",
        "72:thrash",
        "80:hurricane",
        "egg:rocksmash",
        "egg:roost",
        "tm:acrobatics",
        "tm:aerialace",
        "tm:agility",
        "tm:aircutter",
        "tm:airslash",
        "tm:bodyslam",
        "tm:bravebird",
        "tm:bulkup",
        "tm:calmmind",
        "tm:closecombat",
        "tm:confuseray",
        "tm:dazzlinggleam",
        "tm:defog",
        "tm:doubleedge",
        "tm:dualwingbeat",
        "tm:endure",
        "tm:expandingforce",
        "tm:facade",
        "tm:featherdance",
        "tm:fly",
        "tm:futuresight",
        "tm:gigaimpact",
        "tm:heatwave",
        "tm:helpinghand",
        "tm:honeclaws",
        "tm:hurricane",
        "tm:hyperbeam",
        "tm:hypervoice",
        "tm:icywind",
        "tm:metalclaw",
        "tm:mysticalfire",
        "tm:nightshade",
        "tm:ominouswind",
        "tm:powershift",
        "tm:protect",
        "tm:psybeam",
        "tm:psychic",
        "tm:psychicnoise",
        "tm:psychicterrain",
        "tm:psychup",
        "tm:psyshock",
        "tm:raindance",
        "tm:rest",
        "tm:reversal",
        "tm:rockslide",
        "tm:rocksmash",
        "tm:rocktomb",
        "tm:roost",
        "tm:scaryface",
        "tm:shadowball",
        "tm:shadowclaw",
        "tm:skyattack",
        "tm:sleeptalk",
        "tm:snarl",
        "tm:storedpower",
        "tm:substitute",
        "tm:sunnyday",
        "tm:superpower",
        "tm:swift",
        "tm:tailwind",
        "tm:takedown",
        "tm:terablast",
        "tm:uturn",
        "tm:vacuumwave",
        "tm:zenheadbutt",
        "tutor:aerialace",
        "tutor:aircutter",
        "tutor:bulkup",
        "tutor:calmmind",
        "tutor:dazzlinggleam",
        "tutor:defog",
        "tutor:dualwingbeat",
        "tutor:expandingforce",
        "tutor:gigaimpact",
        "tutor:heatwave",
        "tutor:helpinghand",
        "tutor:hyperbeam",
        "tutor:hypervoice",
        "tutor:icywind",
        "tutor:mysticalfire",
        "tutor:ominouswind",
        "tutor:powershift",
        "tutor:psychic",
        "tutor:rest",
        "tutor:rockslide",
        "tutor:rocksmash",
        "tutor:roost",
        "tutor:shadowball",
        "tutor:shadowclaw",
        "tutor:skyattack",
        "tutor:sleeptalk",
        "tutor:snarl",
        "tutor:superpower",
        "tutor:swift",
        "tutor:tailwind",
        "tutor:vacuumwave",
        "tutor:zenheadbutt",
        "legacy:attract",
        "legacy:confide",
        "legacy:doubleteam",
        "legacy:frustration",
        "legacy:hiddenpower",
        "legacy:return",
        "legacy:round",
        "legacy:secretpower",
        "legacy:snore",
        "legacy:swagger",
        "legacy:toxic"
      ],
      "preEvolution": "rufflet",
      "evolutions": [],
      "battleOnly": false
    }
  ],
  "features": [
    "hisuian"
  ],
  "mountable": {
    "enabled": true,
    "driving": {
      "item": "cobblemon:saddle",
      "canDrift": true
    },
    "stats": {
      "stamina": 999999,
      "speed": 1.5,
      "jumpHeight": 1.0,
      "acceleration": 0.1
    }
  }
}