{
  "implemented": true,
  "nationalPokedexNumber": 623,
  "name": "Golurk",
  "primaryType": "ground",
  "secondaryType": "ghost",
  "maleRatio": -1,
  "height": 28,
  "weight": 3300,
  "pokedex": [
    "cobblemon.species.golurk.desc"
  ],
  "labels": [
    "gen5"
  ],
  "aspects": [],
  "abilities": [
    "ironfist",
    "klutz",
    "h:noguard"
  ],
  "eggGroups": [
    "mineral"
  ],
  "baseStats": {
    "hp": 89,
    "attack": 124,
    "defence": 80,
    "special_attack": 55,
    "special_defence": 80,
    "speed": 55
  },
  "evYield": {
    "hp": 0,
    "attack": 2,
    "defence": 0,
    "special_attack": 0,
    "special_defence": 0,
    "speed": 0
  },
  "baseExperienceYield": 169,
  "experienceGroup": "medium_fast",
  "catchRate": 90,
  "eggCycles": 25,
  "baseFriendship": 50,
  "baseScale": 1.0,
  "hitbox": {
    "height": 5.1,
    "fixed": false,
    "width": 2.5
  },
  "riding": {
    "behaviours": {
      "AIR": {
        "key": "cobblemon:air/rocket",
        "rideSounds": [
          {
            "muffleEnabled": true,
            "pitchExpr": "math.max(1.0 ,0.2 + math.pow(math.min(q.ride_velocity() / 1.5, 1.0),2))",
            "playForNonPassengers": true,
            "soundLocation": "cobblemon:ride.loop.wind",
            "volumeExpr": "math.pow(math.min(q.ride_velocity() / 1.5, 1.0),2)"
          },
          {
            "muffleEnabled": true,
            "pitchExpr": "math.max(1.0 ,0.2 + math.pow(math.min(q.driver_input() / 1.5, 1.0),2))",
            "playForNonPassengers": true,
            "soundLocation": "cobblemon:ride.loop.rocket",
            "volumeExpr": "math.pow(math.min((q.driver_input() / 1.5) + (q.ride_velocity() / 1.5), 1.0),2)"
          }
        ],
        "stats": {
          "ACCELERATION": "10-35",
          "JUMP": "25-40",
          "SKILL": "15-30",
          "SPEED": "150",
          "STAMINA": "999999"
        }
      },
      "LAND": {
        "key": "cobblemon:land/horse",
        "rideSounds": [],
        "canJump": true,
        "stats": {
          "ACCELERATION": "65-80",
          "JUMP": "40-60",
          "SKILL": "40-65",
          "SPEED": "150",
          "STAMINA": "999999"
        }
      }
    },
    "seats": [
      {
        "offset": {
          "x": 0.0,
          "y": 0.0,
          "z": 0.0
        },
        "poseOffsets": [
          {
            "offset": {
              "x": 0.0069884723,
              "y": -4.8332925,
              "z": 0.713007
            },
            "poseTypes": [
              "STAND"
            ]
          },
          {
            "offset": {
              "x": 0.009686413,
              "y": -4.746398,
              "z": 0.38281527
            },
            "poseTypes": [
              "WALK"
            ]
          },
          {
            "offset": {
              "x": 0.0034906503,
              "y": -4.624994,
              "z": 0.62499994
            },
            "poseTypes": [
              "HOVER"
            ]
          },
          {
            "offset": {
              "x": 0.0069812573,
              "y": -4.6249757,
              "z": 0.625
            },
            "poseTypes": [
              "FLY"
            ]
          },
          {
            "offset": {
              "x": 0.0,
              "y": -4.85,
              "z": 0.61875
            },
            "poseTypes": [
              "FLOAT"
            ]
          },
          {
            "offset": {
              "x": 0.0,
              "y": -4.85,
              "z": 0.61875
            },
            "poseTypes": [
              "SWIM"
            ]
          },
          {
            "offset": {
              "x": 0.0,
              "y": -4.85,
              "z": 0.61875
            },
            "poseTypes": [
              "GLIDE"
            ]
          }
        ]
      },
      {
        "offset": {
          "x": 0.0,
          "y": 0.0,
          "z": 0.0
        },
        "poseOffsets": [
          {
            "offset": {
              "x": -0.8680348,
              "y": -4.8281674,
              "z": 0.9003285
            },
            "poseTypes": [
              "STAND"
            ]
          },
          {
            "offset": {
              "x": -0.8579975,
              "y": -4.7733426,
              "z": 0.60002506
            },
            "poseTypes": [
              "WALK"
            ]
          },
          {
            "offset": {
              "x": -0.871504,
              "y": -4.628048,
              "z": 0.81249994
            },
            "poseTypes": [
              "HOVER"
            ]
          },
          {
            "offset": {
              "x": -0.86799747,
              "y": -4.6310844,
              "z": 0.8125
            },
            "poseTypes": [
              "FLY"
            ]
          },
          {
            "offset": {
              "x": -0.875,
              "y": -4.85,
              "z": 0.80625
            },
            "poseTypes": [
              "FLOAT"
            ]
          },
          {
            "offset": {
              "x": -0.875,
              "y": -4.85,
              "z": 0.80625
            },
            "poseTypes": [
              "SWIM"
            ]
          },
          {
            "offset": {
              "x": -0.875,
              "y": -4.85,
              "z": 0.80625
            },
            "poseTypes": [
              "GLIDE"
            ]
          }
        ]
      },
      {
        "offset": {
          "x": 0.0,
          "y": 0.0,
          "z": 0.0
        },
        "poseOffsets": [
          {
            "offset": {
              "x": 0.8819546,
              "y": -4.822059,
              "z": 0.9003285
            },
            "poseTypes": [
              "STAND"
            ]
          },
          {
            "offset": {
              "x": 0.89080614,
              "y": -4.7519755,
              "z": 0.5389509
            },
            "poseTypes": [
              "WALK"
            ]
          },
          {
            "offset": {
              "x": 0.87848526,
              "y": -4.6219397,
              "z": 0.81249994
            },
            "poseTypes": [
              "HOVER"
            ]
          },
          {
            "offset": {
              "x": 0.88196,
              "y": -4.618867,
              "z": 0.8125
            },
            "poseTypes": [
              "FLY"
            ]
          },
          {
            "offset": {
              "x": 0.875,
              "y": -4.85,
              "z": 0.80625
            },
            "poseTypes": [
              "FLOAT"
            ]
          },
          {
            "offset": {
              "x": 0.875,
              "y": -4.85,
              "z": 0.80625
            },
            "poseTypes": [
              "SWIM"
            ]
          },
          {
            "offset": {
              "x": 0.875,
              "y": -4.85,
              "z": 0.80625
            },
            "poseTypes": [
              "GLIDE"
            ]
          }
        ]
      }
    ]
  },
  "behaviour": {
    "herd": {
      "maxSize": "3"
    },
    "moving": {
      "swim": {
        "avoidsWater": true,
        "canSwimInWater": false
      },
      "walk": {
        "walkSpeed": 0.35
      },
      "fly": {
        "canFly": true
      }
    },
    "resting": {
      "canSleep": true,
      "light": "0-4",
      "times": [
        "any"
      ],
      "drowsyChance": 0.0014,
      "rouseChance": 0.0042
    },
    "combat": {
      "willDefendSelf": true,
      "willDefendOwner": true,
      "willFlee": false
    }
  },
  "drops": {
    "amount": 4,
    "entries": [
      {
        "item": "minecraft:clay_ball",
        "quantityRange": "0-2"
      },
      {
        "item": "cobblemon:light_clay",
        "percentage": 5.0
      },
      {
        "item": "cobblemon:colbur_berry",
        "percentage": 5.0
      }
    ]
  },
  "moves": [
    "1:pound",
    "1:astonish",
    "1:defensecurl",
    "1:mudslap",
    "1:rollout",
    "1:magnitude",
    "1:focuspunch",
    "1:highhorsepower",
    "12:shadowpunch",
    "16:curse",
    "20:nightshade",
    "24:stompingtantrum",
    "28:irondefense",
    "32:megapunch",
    "36:shadowball",
    "40:heavyslam",
    "46:phantomforce",
    "52:hammerarm",
    "58:earthquake",
    "64:dynamicpunch",
    "egg:magnitude",
    "tm:allyswitch",
    "tm:block",
    "tm:bodypress",
    "tm:bodyslam",
    "tm:brickbreak",
    "tm:bulldoze",
    "tm:chargebeam",
    "tm:closecombat",
    "tm:confuseray",
    "tm:curse",
    "tm:darkestlariat",
    "tm:dig",
    "tm:doubleedge",
    "tm:drainpunch",
    "tm:earthpower",
    "tm:earthquake",
    "tm:endure",
    "tm:facade",
    "tm:firepunch",
    "tm:flash",
    "tm:flashcannon",
    "tm:fling",
    "tm:fly",
    "tm:focusblast",
    "tm:focuspunch",
    "tm:gigaimpact",
    "tm:grassknot",
    "tm:gravity",
    "tm:gyroball",
    "tm:hardpress",
    "tm:heatcrash",
    "tm:heavyslam",
    "tm:helpinghand",
    "tm:hex",
    "tm:highhorsepower",
    "tm:hyperbeam",
    "tm:icebeam",
    "tm:icepunch",
    "tm:icywind",
    "tm:imprison",
    "tm:irondefense",
    "tm:knockoff",
    "tm:lowkick",
    "tm:lowsweep",
    "tm:magiccoat",
    "tm:megakick",
    "tm:megapunch",
    "tm:mudslap",
    "tm:nightshade",
    "tm:phantomforce",
    "tm:poltergeist",
    "tm:poweruppunch",
    "tm:protect",
    "tm:psychic",
    "tm:psychup",
    "tm:raindance",
    "tm:reflect",
    "tm:rest",
    "tm:rockpolish",
    "tm:rockslide",
    "tm:rocksmash",
    "tm:rocktomb",
    "tm:rollout",
    "tm:safeguard",
    "tm:sandstorm",
    "tm:scorchingsands",
    "tm:selfdestruct",
    "tm:shadowball",
    "tm:shockwave",
    "tm:signalbeam",
    "tm:sleeptalk",
    "tm:smackdown",
    "tm:solarbeam",
    "tm:stealthrock",
    "tm:stompingtantrum",
    "tm:stoneedge",
    "tm:strength",
    "tm:substitute",
    "tm:sunnyday",
    "tm:superpower",
    "tm:takedown",
    "tm:telekinesis",
    "tm:terablast",
    "tm:thief",
    "tm:thunderbolt",
    "tm:thunderpunch",
    "tm:trick",
    "tm:zenheadbutt",
    "tutor:allyswitch",
    "tutor:block",
    "tutor:bulldoze",
    "tutor:chargebeam",
    "tutor:drainpunch",
    "tutor:earthpower",
    "tutor:firepunch",
    "tutor:flashcannon",
    "tutor:focuspunch",
    "tutor:gigaimpact",
    "tutor:gravity",
    "tutor:helpinghand",
    "tutor:highhorsepower",
    "tutor:hyperbeam",
    "tutor:icebeam",
    "tutor:icepunch",
    "tutor:icywind",
    "tutor:irondefense",
    "tutor:knockoff",
    "tutor:lowkick",
    "tutor:magiccoat",
    "tutor:mudslap",
    "tutor:poltergeist",
    "tutor:psychic",
    "tutor:rest",
    "tutor:rockslide",
    "tutor:rocksmash",
    "tutor:rollout",
    "tutor:scorchingsands",
    "tutor:shadowball",
    "tutor:shockwave",
    "tutor:signalbeam",
    "tutor:sleeptalk",
    "tutor:stealthrock",
    "tutor:stompingtantrum",
    "tutor:stoneedge",
    "tutor:superpower",
    "tutor:telekinesis",
    "tutor:thunderbolt",
    "tutor:thunderpunch",
    "tutor:trick",
    "tutor:zenheadbutt",
    "legacy:confide",
    "legacy:doubleteam",
    "legacy:frustration",
    "legacy:hiddenpower",
    "legacy:return",
    "legacy:round",
    "legacy:secretpower",
    "legacy:snore",
    "legacy:swagger",
    "legacy:toxic"
  ],
  "preEvolution": "golett",
  "evolutions": [],
  "lightingData": {
    "lightLevel": 10,
    "liquidGlowMode": "BOTH"
  },
  "standingEyeHeight": 0.98,
  "mountable": {
    "enabled": true,
    "driving": {
      "item": "cobblemon:saddle",
      "canDrift": true
    },
    "stats": {
      "stamina": 999999,
      "speed": 1.5,
      "jumpHeight": 1.0,
      "acceleration": 0.1
    }
  }
}