{
  "implemented": true,
  "nationalPokedexNumber": 601,
  "name": "Klinklang",
  "primaryType": "steel",
  "maleRatio": -1,
  "height": 6,
  "weight": 810,
  "pokedex": [
    "cobblemon.species.klinklang.desc"
  ],
  "labels": [
    "gen5"
  ],
  "aspects": [],
  "abilities": [
    "plus",
    "minus",
    "h:clearbody"
  ],
  "eggGroups": [
    "mineral"
  ],
  "baseStats": {
    "hp": 60,
    "attack": 100,
    "defence": 115,
    "special_attack": 70,
    "special_defence": 85,
    "speed": 90
  },
  "evYield": {
    "hp": 0,
    "attack": 0,
    "defence": 3,
    "special_attack": 0,
    "special_defence": 0,
    "speed": 0
  },
  "baseExperienceYield": 260,
  "experienceGroup": "medium_slow",
  "catchRate": 30,
  "eggCycles": 20,
  "baseFriendship": 50,
  "baseScale": 1,
  "hitbox": {
    "height": 1.8,
    "fixed": false,
    "width": 1.8
  },
  "riding": {
    "behaviours": {
      "AIR": {
        "key": "cobblemon:air/hover",
        "rideSounds": [
          {
            "muffleEnabled": true,
            "pitchExpr": "math.max(1.0 ,0.2 + math.pow(math.min(q.ride_velocity() / 1.5, 1.0),2))",
            "playForNonPassengers": true,
            "soundLocation": "cobblemon:ride.loop.wind",
            "volumeExpr": "math.pow(math.min(q.ride_velocity() / 1.5, 1.0),2)"
          }
        ],
        "stats": {
          "ACCELERATION": "30-50",
          "JUMP": "10-20",
          "SKILL": "40-60",
          "SPEED": "150",
          "STAMINA": "999999"
        }
      }
    },
    "seats": [
      {
        "offset": {
          "x": 0.0,
          "y": 0.0,
          "z": 0.0
        },
        "poseOffsets": [
          {
            "offset": {
              "x": 0.014612539,
              "y": -0.6879886,
              "z": -0.28125
            },
            "poseTypes": [
              "STAND"
            ]
          },
          {
            "offset": {
              "x": 0.017652966,
              "y": -0.642575,
              "z": -0.23899168
            },
            "poseTypes": [
              "WALK"
            ]
          },
          {
            "offset": {
              "x": 0.014612539,
              "y": -0.6879886,
              "z": -0.28125
            },
            "poseTypes": [
              "HOVER"
            ]
          },
          {
            "offset": {
              "x": 0.017652966,
              "y": -0.642575,
              "z": -0.23899168
            },
            "poseTypes": [
              "FLY"
            ]
          },
          {
            "offset": {
              "x": 0.014612539,
              "y": -0.6879886,
              "z": -0.28125
            },
            "poseTypes": [
              "FLOAT"
            ]
          },
          {
            "offset": {
              "x": 0.017652966,
              "y": -0.642575,
              "z": -0.23899168
            },
            "poseTypes": [
              "SWIM"
            ]
          },
          {
            "offset": {
              "x": 0.014612539,
              "y": -0.6879886,
              "z": -0.28125
            },
            "poseTypes": [
              "GLIDE"
            ]
          }
        ]
      }
    ]
  },
  "behaviour": {
    "herd": {
      "maxSize": "8",
      "toleratedLeaders": [
        {
          "pokemon": "klinklang",
          "tier": 1
        }
      ]
    },
    "moving": {
      "fly": {
        "canFly": true
      },
      "swim": {
        "avoidsWater": true
      },
      "walk": {
        "canWalk": false
      }
    },
    "resting": {
      "canSleep": true,
      "light": "0-4",
      "times": [
        "any"
      ],
      "drowsyChance": 0.0014,
      "rouseChance": 0.0042
    },
    "combat": {
      "willDefendSelf": true,
      "willDefendOwner": true,
      "willFlee": false
    }
  },
  "drops": {
    "amount": 3,
    "entries": [
      {
        "item": "minecraft:raw_iron",
        "quantityRange": "0-3"
      }
    ]
  },
  "moves": [
    "1:visegrip",
    "1:charge",
    "1:thundershock",
    "1:bind",
    "1:mirrorshot",
    "1:magneticflux",
    "1:gearup",
    "12:chargebeam",
    "16:metalsound",
    "20:autotomize",
    "24:discharge",
    "28:screech",
    "32:geargrind",
    "36:lockon",
    "42:shiftgear",
    "48:zapcannon",
    "56:hyperbeam",
    "64:electricterrain",
    "tm:allyswitch",
    "tm:assurance",
    "tm:bind",
    "tm:charge",
    "tm:chargebeam",
    "tm:electricterrain",
    "tm:endure",
    "tm:facade",
    "tm:flashcannon",
    "tm:gigaimpact",
    "tm:gravity",
    "tm:hyperbeam",
    "tm:irondefense",
    "tm:magiccoat",
    "tm:magnetrise",
    "tm:metalsound",
    "tm:powergem",
    "tm:protect",
    "tm:recycle",
    "tm:rest",
    "tm:risingvoltage",
    "tm:rockpolish",
    "tm:rocksmash",
    "tm:sandstorm",
    "tm:screech",
    "tm:shockwave",
    "tm:signalbeam",
    "tm:sleeptalk",
    "tm:steelbeam",
    "tm:steelroller",
    "tm:substitute",
    "tm:telekinesis",
    "tm:terablast",
    "tm:thunder",
    "tm:thunderbolt",
    "tm:thunderwave",
    "tm:trickroom",
    "tm:uproar",
    "tm:voltswitch",
    "tm:wildcharge",
    "tutor:allyswitch",
    "tutor:bind",
    "tutor:chargebeam",
    "tutor:flashcannon",
    "tutor:gigaimpact",
    "tutor:gravity",
    "tutor:hyperbeam",
    "tutor:irondefense",
    "tutor:magiccoat",
    "tutor:magnetrise",
    "tutor:recycle",
    "tutor:rest",
    "tutor:risingvoltage",
    "tutor:rocksmash",
    "tutor:shockwave",
    "tutor:signalbeam",
    "tutor:sleeptalk",
    "tutor:steelbeam",
    "tutor:steelroller",
    "tutor:telekinesis",
    "tutor:thunderbolt",
    "tutor:uproar",
    "tutor:wildcharge",
    "legacy:confide",
    "legacy:doubleteam",
    "legacy:frustration",
    "legacy:hiddenpower",
    "legacy:return",
    "legacy:round",
    "legacy:secretpower",
    "legacy:snore",
    "legacy:swagger",
    "legacy:toxic"
  ],
  "preEvolution": "klang",
  "evolutions": [],
  "mountable": {
    "enabled": true,
    "driving": {
      "item": "cobblemon:saddle",
      "canDrift": true
    },
    "stats": {
      "stamina": 999999,
      "speed": 1.5,
      "jumpHeight": 1.0,
      "acceleration": 0.1
    }
  }
}