{
  "implemented": true,
  "nationalPokedexNumber": 637,
  "name": "Volcarona",
  "primaryType": "bug",
  "secondaryType": "fire",
  "maleRatio": 0.5,
  "height": 16,
  "weight": 460,
  "pokedex": [
    "cobblemon.species.volcarona.desc"
  ],
  "labels": [
    "gen5"
  ],
  "aspects": [],
  "abilities": [
    "flamebody",
    "h:swarm"
  ],
  "eggGroups": [
    "bug"
  ],
  "baseStats": {
    "hp": 85,
    "attack": 60,
    "defence": 65,
    "special_attack": 135,
    "special_defence": 105,
    "speed": 100
  },
  "evYield": {
    "hp": 0,
    "attack": 0,
    "defence": 0,
    "special_attack": 3,
    "special_defence": 0,
    "speed": 0
  },
  "baseExperienceYield": 275,
  "experienceGroup": "slow",
  "catchRate": 15,
  "eggCycles": 40,
  "baseFriendship": 50,
  "baseScale": 0.9,
  "hitbox": {
    "height": 2.4,
    "fixed": false,
    "width": 1.3
  },
  "riding": {
    "behaviours": {
      "AIR": {
        "key": "cobblemon:air/bird",
        "rideSounds": [
          {
            "muffleEnabled": true,
            "pitchExpr": "math.max(1.0 ,0.2 + math.pow(math.min(q.ride_velocity() / 1.5, 1.0),2))",
            "playForNonPassengers": true,
            "soundLocation": "cobblemon:ride.loop.wind",
            "volumeExpr": "math.pow(math.min(q.ride_velocity() / 1.5, 1.0),2)"
          }
        ],
        "stats": {
          "ACCELERATION": "45-65",
          "JUMP": "25-35",
          "SKILL": "55-75",
          "SPEED": "150",
          "STAMINA": "999999"
        }
      },
      "LAND": {
        "key": "cobblemon:land/horse",
        "rideSounds": [],
        "canJump": false,
        "canSprint": false,
        "stats": {
          "ACCELERATION": "10-40",
          "JUMP": "10-40",
          "SKILL": "80-100",
          "SPEED": "150",
          "STAMINA": "999999"
        }
      }
    },
    "seats": [
      {
        "offset": {
          "x": 0.0,
          "y": 0.0,
          "z": 0.0
        },
        "poseOffsets": [
          {
            "offset": {
              "x": 0.0,
              "y": -1.8814042,
              "z": 0.5826455
            },
            "poseTypes": [
              "STAND"
            ]
          },
          {
            "offset": {
              "x": -0.01890367,
              "y": -2.2248068,
              "z": 0.36036807
            },
            "poseTypes": [
              "WALK"
            ]
          },
          {
            "offset": {
              "x": 0.0,
              "y": -1.9197385,
              "z": 0.54535747
            },
            "poseTypes": [
              "HOVER"
            ]
          },
          {
            "offset": {
              "x": 0.004185018,
              "y": -2.2060409,
              "z": 0.24402636
            },
            "poseTypes": [
              "FLY"
            ]
          },
          {
            "offset": {
              "x": 0.0,
              "y": -1.8814042,
              "z": 0.5826455
            },
            "poseTypes": [
              "FLOAT"
            ]
          },
          {
            "offset": {
              "x": 0.0,
              "y": -1.8814042,
              "z": 0.5826455
            },
            "poseTypes": [
              "SWIM"
            ]
          },
          {
            "offset": {
              "x": 0.0,
              "y": -1.8814042,
              "z": 0.5826455
            },
            "poseTypes": [
              "GLIDE"
            ]
          }
        ]
      }
    ]
  },
  "behaviour": {
    "herd": {
      "maxSize": "5"
    },
    "moving": {
      "fly": {
        "canFly": true
      },
      "swim": {
        "avoidsWater": true,
        "canSwimInLava": true
      }
    },
    "resting": {
      "times": [
        "any"
      ],
      "drowsyChance": 0.0014,
      "rouseChance": 0.0042
    },
    "combat": {
      "willDefendSelf": true,
      "willDefendOwner": true,
      "willFlee": false
    },
    "fireImmune": true
  },
  "drops": {
    "amount": 3,
    "entries": [
      {
        "item": "minecraft:blaze_powder",
        "percentage": 5.0
      },
      {
        "item": "cobblemon:silver_powder",
        "percentage": 5.0
      },
      {
        "item": "cobblemon:charti_berry",
        "percentage": 5.0
      }
    ]
  },
  "moves": [
    "1:ember",
    "1:stringshot",
    "1:gust",
    "1:firespin",
    "1:whirlwind",
    "1:quiverdance",
    "1:fierydance",
    "1:flamecharge",
    "1:strugglebug",
    "1:flareblitz",
    "1:thrash",
    "1:absorb",
    "1:takedown",
    "1:doubleedge",
    "18:flamewheel",
    "24:bugbite",
    "30:screech",
    "36:leechlife",
    "42:bugbuzz",
    "48:heatwave",
    "54:amnesia",
    "62:hurricane",
    "70:fireblast",
    "78:ragepowder",
    "egg:absorb",
    "egg:foresight",
    "egg:harden",
    "egg:morningsun",
    "egg:thrash",
    "tm:acrobatics",
    "tm:aircutter",
    "tm:airslash",
    "tm:amnesia",
    "tm:bodyslam",
    "tm:bugbite",
    "tm:bugbuzz",
    "tm:calmmind",
    "tm:defog",
    "tm:doubleedge",
    "tm:dualwingbeat",
    "tm:endure",
    "tm:facade",
    "tm:fireblast",
    "tm:firespin",
    "tm:flamecharge",
    "tm:flamethrower",
    "tm:flareblitz",
    "tm:fly",
    "tm:gigadrain",
    "tm:gigaimpact",
    "tm:heatwave",
    "tm:hurricane",
    "tm:hyperbeam",
    "tm:incinerate",
    "tm:leechlife",
    "tm:lightscreen",
    "tm:lunge",
    "tm:magnetrise",
    "tm:mysticalfire",
    "tm:overheat",
    "tm:poisonjab",
    "tm:pounce",
    "tm:protect",
    "tm:psychic",
    "tm:raindance",
    "tm:rest",
    "tm:roost",
    "tm:safeguard",
    "tm:screech",
    "tm:signalbeam",
    "tm:silverwind",
    "tm:skittersmack",
    "tm:sleeptalk",
    "tm:solarbeam",
    "tm:stringshot",
    "tm:strugglebug",
    "tm:substitute",
    "tm:sunnyday",
    "tm:tailwind",
    "tm:takedown",
    "tm:terablast",
    "tm:trailblaze",
    "tm:uturn",
    "tm:wildcharge",
    "tm:willowisp",
    "tm:zenheadbutt",
    "tutor:aircutter",
    "tutor:bugbite",
    "tutor:calmmind",
    "tutor:defog",
    "tutor:dualwingbeat",
    "tutor:flamethrower",
    "tutor:gigadrain",
    "tutor:gigaimpact",
    "tutor:heatwave",
    "tutor:hyperbeam",
    "tutor:leechlife",
    "tutor:magnetrise",
    "tutor:mysticalfire",
    "tutor:poisonjab",
    "tutor:psychic",
    "tutor:rest",
    "tutor:roost",
    "tutor:signalbeam",
    "tutor:skittersmack",
    "tutor:sleeptalk",
    "tutor:stringshot",
    "tutor:tailwind",
    "tutor:wildcharge",
    "tutor:zenheadbutt",
    "legacy:aerialace",
    "legacy:attract",
    "legacy:confide",
    "legacy:doubleteam",
    "legacy:frustration",
    "legacy:hiddenpower",
    "legacy:return",
    "legacy:round",
    "legacy:secretpower",
    "legacy:snore",
    "legacy:swagger",
    "legacy:toxic"
  ],
  "preEvolution": "larvesta",
  "evolutions": [],
  "mountable": {
    "enabled": true,
    "driving": {
      "item": "cobblemon:saddle",
      "canDrift": true
    },
    "stats": {
      "stamina": 999999,
      "speed": 1.5,
      "jumpHeight": 1.0,
      "acceleration": 0.1
    }
  }
}